customerID,Contract,tenure,MonthlyCharges,InternetService,NumAddons,ChurnProbability,Priority
9300-AGZNL,Month-to-month,1,94.0,Fiber optic,2,0.9768743,Critical
4910-GMJOT,Month-to-month,1,94.6,Fiber optic,2,0.975712,Critical
9497-QCMMS,Month-to-month,1,93.55,Fiber optic,2,0.9748209,Critical
7216-EWTRS,Month-to-month,1,100.8,Fiber optic,3,0.974686,Critical
8149-RSOUN,Month-to-month,1,93.85,Fiber optic,2,0.9734064,Critical
5178-LMXOP,Month-to-month,1,95.1,Fiber optic,2,0.9733469,Critical
0295-PPHDO,Month-to-month,1,95.45,Fiber optic,2,0.97319907,Critical
5419-JPRRN,Month-to-month,1,101.45,Fiber optic,3,0.9720794,Critical
1069-XAIEM,Month-to-month,1,85.05,Fiber optic,1,0.97166926,Critical
5192-EBGOV,Month-to-month,1,85.7,Fiber optic,1,0.9687334,Critical
8775-LHDJH,Month-to-month,1,90.6,Fiber optic,2,0.9683707,Critical
9282-IZGQK,Month-to-month,1,85.0,Fiber optic,1,0.96803075,Critical
0107-YHINA,Month-to-month,1,99.75,Fiber optic,3,0.9666039,Critical
4826-XTSOH,Month-to-month,1,86.05,Fiber optic,1,0.9662561,Critical
6521-YYTYI,Month-to-month,1,93.3,Fiber optic,2,0.96485585,Critical
3988-RQIXO,Month-to-month,1,91.3,Fiber optic,2,0.9639514,Critical
6861-XWTWQ,Month-to-month,7,99.25,Fiber optic,3,0.9639009,Critical
3068-OMWZA,Month-to-month,1,88.8,Fiber optic,2,0.96368665,Critical
4424-TKOPW,Month-to-month,2,93.85,Fiber optic,2,0.9622115,Critical
4912-PIGUY,Month-to-month,1,84.6,Fiber optic,1,0.96215403,Critical
6230-BSUXY,Month-to-month,1,85.0,Fiber optic,2,0.9614608,Critical
8098-LLAZX,Month-to-month,4,95.45,Fiber optic,2,0.9612211,Critical
9305-CDSKC,Month-to-month,8,99.65,Fiber optic,3,0.96119,Critical
7493-TPUWZ,Month-to-month,1,79.15,Fiber optic,1,0.96107143,Critical
2754-SDJRD,Month-to-month,8,100.15,Fiber optic,3,0.9610713,Critical
6894-LFHLY,Month-to-month,1,75.75,Fiber optic,0,0.96078277,Critical
9248-OJYKK,Month-to-month,1,76.45,Fiber optic,0,0.96078277,Critical
7851-WZEKY,Month-to-month,2,95.15,Fiber optic,2,0.9605542,Critical
8603-IJWDN,Month-to-month,1,86.6,Fiber optic,1,0.9604852,Critical
9057-SIHCH,Month-to-month,3,96.6,Fiber optic,2,0.96008456,Critical
9124-LHCJQ,Month-to-month,1,85.45,Fiber optic,1,0.95907414,Critical
9546-CQJSU,Month-to-month,2,91.4,Fiber optic,2,0.9586031,Critical
6567-HOOPW,Month-to-month,1,79.2,Fiber optic,1,0.9575032,Critical
2545-EBUPK,Month-to-month,2,84.05,Fiber optic,1,0.95720774,Critical
2720-WGKHP,Month-to-month,2,94.0,Fiber optic,2,0.9570429,Critical
2012-NWRPA,Month-to-month,11,99.55,Fiber optic,3,0.95688033,Critical
5277-ZLOOR,Month-to-month,2,85.55,Fiber optic,1,0.9562381,Critical
4102-OQUPX,Month-to-month,1,74.4,Fiber optic,0,0.9561634,Critical
8580-AECUZ,Month-to-month,1,79.1,Fiber optic,1,0.95611316,Critical
2446-BEGGB,Month-to-month,6,98.25,Fiber optic,3,0.9559476,Critical
3178-FESZO,Month-to-month,1,100.25,Fiber optic,3,0.9559309,Critical
1455-UGQVH,Month-to-month,10,98.5,Fiber optic,3,0.9557242,Critical
0723-DRCLG,Month-to-month,1,74.45,Fiber optic,0,0.9555241,Critical
1450-GALXR,Month-to-month,10,98.5,Fiber optic,3,0.95503986,Critical
3811-VBYBZ,Month-to-month,7,99.8,Fiber optic,3,0.9549754,Critical
3158-MOERK,Month-to-month,2,96.0,Fiber optic,2,0.95490736,Critical
4548-SDBKE,Month-to-month,5,85.2,Fiber optic,1,0.95467067,Critical
9725-SCPZG,Month-to-month,1,90.85,Fiber optic,2,0.95461404,Critical
3551-HUAZH,Month-to-month,1,74.4,Fiber optic,0,0.9543661,Critical
4988-IQIGL,Month-to-month,1,75.35,Fiber optic,0,0.9541108,Critical
1415-YFWLT,Month-to-month,1,89.3,Fiber optic,2,0.95387787,Critical
5240-IJOQT,Month-to-month,1,74.7,Fiber optic,0,0.9537463,Critical
5597-GLBUC,Month-to-month,1,85.45,Fiber optic,2,0.9535877,Critical
6513-EECDB,Month-to-month,1,73.55,Fiber optic,0,0.953465,Critical
6108-OQZDQ,Month-to-month,4,97.95,Fiber optic,3,0.953331,Critical
1833-VGRUM,Month-to-month,1,74.2,Fiber optic,0,0.9532611,Critical
7274-RTAPZ,Month-to-month,1,90.55,Fiber optic,2,0.95324254,Critical
1374-DMZUI,Month-to-month,4,94.3,Fiber optic,2,0.95206094,Critical
6702-OHFWR,Month-to-month,1,43.3,DSL,3,0.9519587,Critical
8779-QRDMV,Month-to-month,1,39.65,DSL,2,0.9518608,Critical
0679-IDSTG,Month-to-month,1,69.25,Fiber optic,0,0.95180416,Critical
5167-ZFFMM,Month-to-month,1,90.85,Fiber optic,2,0.95176214,Critical
7024-OHCCK,Month-to-month,2,93.85,Fiber optic,2,0.9516284,Critical
8473-VUVJN,Month-to-month,1,73.65,Fiber optic,0,0.95156264,Critical
5567-WSELE,Month-to-month,3,94.6,Fiber optic,2,0.9514307,Critical
5919-TMRGD,Month-to-month,1,79.35,Fiber optic,1,0.95123386,Critical
6358-LYNGM,Month-to-month,1,74.9,Fiber optic,0,0.95102704,Critical
1157-BQCUW,Month-to-month,1,74.95,Fiber optic,0,0.95102704,Critical
1452-VOQCH,Month-to-month,1,75.1,Fiber optic,0,0.95102704,Critical
0655-RBDUG,Month-to-month,7,98.05,Fiber optic,3,0.9509467,Critical
5834-ASPWA,Month-to-month,1,75.45,Fiber optic,0,0.95066744,Critical
7503-ZGUZJ,Month-to-month,1,84.65,Fiber optic,1,0.9504162,Critical
8816-VXNZD,Month-to-month,1,75.1,Fiber optic,0,0.95022047,Critical
5380-AFSSK,Month-to-month,5,93.9,Fiber optic,2,0.9501405,Critical
4844-JJWUY,Month-to-month,1,86.0,Fiber optic,2,0.94991076,Critical
6210-KBBPI,Month-to-month,9,99.45,Fiber optic,3,0.94974065,Critical
7206-GZCDC,Month-to-month,1,69.25,Fiber optic,0,0.94951606,Critical
3776-EKTKM,Month-to-month,1,36.45,DSL,1,0.94940776,Critical
2725-KXXWT,Month-to-month,1,90.75,Fiber optic,2,0.9493505,Critical
9787-XVQIU,Month-to-month,1,75.3,Fiber optic,0,0.949349,Critical
9681-OXGVC,Month-to-month,5,100.5,Fiber optic,3,0.9488285,Critical
4750-ZRXIU,Month-to-month,4,84.6,Fiber optic,1,0.94880295,Critical
0021-IKXGC,Month-to-month,1,72.1,Fiber optic,0,0.94862044,Critical
5960-WPXQM,Month-to-month,1,79.05,Fiber optic,1,0.9486032,Critical
8740-CRYFY,Month-to-month,1,78.95,Fiber optic,1,0.9486032,Critical
2868-MZAGQ,Month-to-month,1,79.25,Fiber optic,1,0.9484808,Critical
2506-TNFCO,Month-to-month,1,69.55,Fiber optic,0,0.94835246,Critical
2656-TABEH,Month-to-month,4,100.2,Fiber optic,3,0.9483263,Critical
3027-ZTDHO,Month-to-month,1,89.9,Fiber optic,2,0.9482636,Critical
2202-CUYXZ,Month-to-month,1,84.85,Fiber optic,2,0.94824666,Critical
0259-GBZSH,Month-to-month,2,85.65,Fiber optic,1,0.94820905,Critical
4415-IJZTP,Month-to-month,1,74.5,Fiber optic,0,0.94810987,Critical
4695-WJZUE,Month-to-month,2,88.55,Fiber optic,2,0.9475212,Critical
4822-RVYBB,Month-to-month,8,100.6,Fiber optic,3,0.9472724,Critical
3049-SOLAY,Month-to-month,3,95.2,Fiber optic,2,0.9470976,Critical
7943-RQCHR,Month-to-month,9,94.75,Fiber optic,2,0.94674283,Critical
4273-MBHYA,Month-to-month,1,89.35,Fiber optic,2,0.94623286,Critical
8058-INTPH,Month-to-month,1,79.65,Fiber optic,1,0.946159,Critical
2636-ALXXZ,Month-to-month,1,69.6,Fiber optic,0,0.94609404,Critical
5550-VFRLC,Month-to-month,1,69.85,Fiber optic,0,0.94609404,Critical
4871-JTKJF,Month-to-month,1,69.65,Fiber optic,0,0.94609404,Critical
8375-DKEBR,Month-to-month,1,69.6,Fiber optic,0,0.94609404,Critical
0495-RVCBF,Month-to-month,1,79.7,Fiber optic,1,0.9460311,Critical
2004-OCQXK,Month-to-month,1,81.95,Fiber optic,1,0.94602907,Critical
7594-RQHXR,Month-to-month,1,79.6,Fiber optic,1,0.9457232,Critical
4445-ZJNMU,Month-to-month,9,99.3,Fiber optic,3,0.94564736,Critical
2609-IAICY,Month-to-month,1,77.15,Fiber optic,0,0.94537103,Critical
0970-ETWGE,Month-to-month,1,89.55,Fiber optic,2,0.94520974,Critical
1941-HOSAM,Month-to-month,1,90.1,Fiber optic,2,0.94511634,Critical
0897-FEGMU,Month-to-month,11,99.5,Fiber optic,3,0.9448152,Critical
8161-QYMTT,Month-to-month,7,94.1,Fiber optic,2,0.9447719,Critical
4952-YSOGZ,Month-to-month,4,85.95,Fiber optic,1,0.9447232,Critical
6857-VWJDT,Month-to-month,1,95.65,Fiber optic,2,0.9446887,Critical
3006-XIMLN,Month-to-month,2,94.2,Fiber optic,2,0.944227,Critical
5494-HECPR,Month-to-month,1,80.25,Fiber optic,1,0.9432604,Critical
2968-SSGAA,Month-to-month,10,100.6,Fiber optic,3,0.94320905,Critical
8372-JUXUI,Month-to-month,1,74.35,Fiber optic,0,0.9428936,Critical
4713-LZDRV,Month-to-month,2,79.6,Fiber optic,1,0.9428898,Critical
7450-NWRTR,Month-to-month,12,99.45,Fiber optic,3,0.94282234,Critical
8000-REIQB,Month-to-month,1,69.95,Fiber optic,0,0.94255185,Critical
1977-STDKI,Month-to-month,1,73.0,Fiber optic,1,0.9424936,Critical
7180-PISOG,Month-to-month,1,74.5,Fiber optic,0,0.942434,Critical
2254-DLXRI,Month-to-month,1,79.15,Fiber optic,1,0.94235474,Critical
2265-CYWIV,Month-to-month,4,99.6,Fiber optic,3,0.94233346,Critical
1628-BIZYP,Month-to-month,1,85.0,Fiber optic,2,0.94209576,Critical
6356-ELRKD,Month-to-month,1,95.6,Fiber optic,3,0.94195074,Critical
5134-IKDAY,Month-to-month,1,69.8,Fiber optic,0,0.9419225,Critical
4614-NUVZD,Month-to-month,1,81.1,Fiber optic,1,0.9418695,Critical
2514-GINMM,Month-to-month,1,79.5,Fiber optic,1,0.9418237,Critical
1273-MTETI,Month-to-month,4,88.85,Fiber optic,2,0.941708,Critical
4550-EVXNY,Month-to-month,1,69.65,Fiber optic,0,0.94161344,Critical
8884-ADFVN,Month-to-month,7,101.95,Fiber optic,3,0.94160855,Critical
9728-FTTVZ,Month-to-month,1,69.2,Fiber optic,0,0.9415963,Critical
7660-HDPJV,Month-to-month,1,69.2,Fiber optic,0,0.9415963,Critical
6618-RYATB,Month-to-month,1,79.55,Fiber optic,1,0.9412535,Critical
1143-NMNQJ,Month-to-month,2,85.7,Fiber optic,1,0.9409214,Critical
1761-AEZZR,Month-to-month,1,79.55,Fiber optic,1,0.9408371,Critical
4806-HIPDW,Month-to-month,1,68.95,Fiber optic,0,0.94074243,Critical
8593-WHYHV,Month-to-month,3,85.3,Fiber optic,1,0.9406549,Critical
2462-XIIJB,Month-to-month,5,92.5,Fiber optic,2,0.9406281,Critical
8051-HJRLT,Month-to-month,1,70.55,Fiber optic,0,0.94054323,Critical
0781-LKXBR,Month-to-month,9,100.5,Fiber optic,3,0.94050807,Critical
7665-TOALD,Month-to-month,1,69.6,Fiber optic,0,0.9403129,Critical
0488-GSLFR,Month-to-month,1,69.5,Fiber optic,0,0.9403129,Critical
7314-OXENN,Month-to-month,2,82.0,Fiber optic,1,0.9402161,Critical
3722-WPXTK,Month-to-month,1,88.35,Fiber optic,2,0.9399167,Critical
7330-WZLNC,Month-to-month,5,90.8,Fiber optic,2,0.9398414,Critical
7969-AULMZ,Month-to-month,21,97.35,Fiber optic,2,0.9395986,Critical
8062-YBDOE,Month-to-month,1,69.65,Fiber optic,0,0.93945575,Critical
5539-TMZLF,Month-to-month,1,69.75,Fiber optic,0,0.93945575,Critical
6892-EZDTG,Month-to-month,4,91.65,Fiber optic,2,0.93915653,Critical
8739-XNIKG,Month-to-month,5,84.0,Fiber optic,1,0.93846065,Critical
9223-UCPVT,Month-to-month,1,94.4,Fiber optic,3,0.93791336,Critical
0137-OCGAB,Month-to-month,1,80.2,Fiber optic,1,0.93777966,Critical
1363-TXLSL,Month-to-month,1,70.3,Fiber optic,0,0.9376155,Critical
7120-RFMVS,Month-to-month,1,84.5,Fiber optic,1,0.9373846,Critical
2982-IHMFT,Month-to-month,1,74.45,Fiber optic,0,0.93730813,Critical
4626-GYCZP,Month-to-month,7,93.85,Fiber optic,2,0.9371781,Critical
8168-UQWWF,Month-to-month,11,97.85,Fiber optic,3,0.93713033,Critical
1075-BGWOH,Month-to-month,16,98.75,Fiber optic,3,0.93703663,Critical
3793-MMFUH,Month-to-month,13,95.05,Fiber optic,2,0.9366785,Critical
9300-RENDD,Month-to-month,1,79.95,Fiber optic,1,0.9365232,Critical
8245-UMPYT,Month-to-month,16,96.4,Fiber optic,2,0.93629974,Critical
7294-TMAOP,Month-to-month,1,90.55,Fiber optic,2,0.9362785,Critical
5797-APWZC,Month-to-month,1,90.6,Fiber optic,2,0.9362785,Critical
6979-ZNSFF,Month-to-month,8,87.05,Fiber optic,1,0.9357422,Critical
9885-CSMWE,Month-to-month,1,78.45,Fiber optic,1,0.9356299,Critical
2018-QKYGT,Month-to-month,1,81.05,Fiber optic,1,0.93559587,Critical
1846-XWOQN,Month-to-month,1,70.15,Fiber optic,0,0.9355651,Critical
9605-WGJVW,Month-to-month,1,70.2,Fiber optic,0,0.9355651,Critical
4927-WWOOZ,Month-to-month,2,91.45,Fiber optic,2,0.9354187,Critical
6457-USBER,Month-to-month,1,80.8,Fiber optic,1,0.9353761,Critical
0702-PGIBZ,Month-to-month,4,101.7,Fiber optic,3,0.9353603,Critical
7577-SWIFR,Month-to-month,1,89.25,Fiber optic,2,0.9353133,Critical
1455-ESIQH,Month-to-month,1,89.1,Fiber optic,2,0.9353133,Critical
8972-HJWNV,Month-to-month,7,84.55,Fiber optic,1,0.9351423,Critical
4228-ZGYUW,Month-to-month,4,90.05,Fiber optic,2,0.93511873,Critical
6653-CBBOM,Month-to-month,1,70.3,Fiber optic,0,0.9347448,Critical
7409-KIUTL,Month-to-month,1,71.0,Fiber optic,0,0.93436056,Critical
9603-OAIHC,Month-to-month,1,70.05,Fiber optic,0,0.9341882,Critical
0697-ZMSWS,Month-to-month,4,85.65,Fiber optic,1,0.934096,Critical
6457-GIRWB,Month-to-month,1,69.35,Fiber optic,0,0.93401694,Critical
4510-HIMLV,Month-to-month,1,69.8,Fiber optic,0,0.93401694,Critical
6502-MJQAE,Month-to-month,1,69.6,Fiber optic,0,0.93401694,Critical
4603-JANFB,Month-to-month,1,69.85,Fiber optic,0,0.93401694,Critical
7254-IQWOZ,Month-to-month,1,69.65,Fiber optic,0,0.93401694,Critical
3428-XZMAZ,Month-to-month,1,69.35,Fiber optic,0,0.93401694,Critical
1820-TQVEV,Month-to-month,1,69.55,Fiber optic,0,0.93401694,Critical
2952-QAYZF,Month-to-month,5,85.3,Fiber optic,2,0.9337648,Critical
1853-UDXBW,Month-to-month,1,70.0,Fiber optic,0,0.9337062,Critical
9488-HGMJH,Month-to-month,1,71.15,Fiber optic,0,0.93363464,Critical
3878-AVSOQ,Month-to-month,1,71.25,Fiber optic,0,0.93363464,Critical
8775-ERLNB,Month-to-month,1,74.3,Fiber optic,0,0.9334774,Critical
3387-VATUS,Month-to-month,5,94.85,Fiber optic,2,0.93338424,Critical
7439-DKZTW,Month-to-month,1,80.55,Fiber optic,1,0.9332495,Critical
4078-SAYYN,Month-to-month,11,100.75,Fiber optic,3,0.93304914,Critical
1447-GIQMR,Month-to-month,1,69.15,Fiber optic,0,0.93280023,Critical
5196-SGOAK,Month-to-month,1,75.7,Fiber optic,1,0.93253964,Critical
3716-BDVDB,Month-to-month,1,69.1,Fiber optic,0,0.9324461,Critical
7526-BEZQB,Month-to-month,12,96.05,Fiber optic,2,0.9323887,Critical
5542-TBBWB,Month-to-month,1,69.9,Fiber optic,0,0.9318854,Critical
5875-YPQFJ,Month-to-month,1,69.9,Fiber optic,0,0.9318854,Critical
9804-ICWBG,Month-to-month,1,69.9,Fiber optic,0,0.9318854,Critical
8382-SHQEH,Month-to-month,8,84.9,Fiber optic,1,0.93182755,Critical
0318-QUUOB,Month-to-month,1,80.55,Fiber optic,1,0.93148774,Critical
3902-FOIGH,Month-to-month,12,101.35,Fiber optic,3,0.93110025,Critical
0328-GRPMV,Month-to-month,1,70.1,Fiber optic,0,0.93091345,Critical
1640-PLFMP,Month-to-month,1,70.25,Fiber optic,0,0.93091345,Critical
3244-DCJWY,Month-to-month,1,70.25,Fiber optic,0,0.93091345,Critical
4702-IOQDC,Month-to-month,1,70.1,Fiber optic,0,0.93091345,Critical
5299-SJCZT,Month-to-month,3,101.55,Fiber optic,3,0.9308477,Critical
3494-JCHRQ,Month-to-month,1,70.05,Fiber optic,0,0.9304979,Critical
9172-ANCRX,Month-to-month,10,98.7,Fiber optic,3,0.9303984,Critical
3049-NDXFL,Month-to-month,1,85.8,Fiber optic,1,0.9302704,Critical
7181-BQYBV,Month-to-month,1,102.45,Fiber optic,4,0.9300739,Critical
2865-TCHJW,Month-to-month,4,89.2,Fiber optic,2,0.9300368,Critical
6015-VVHHE,Month-to-month,5,83.15,Fiber optic,1,0.92958575,Critical
3462-BJQQA,Month-to-month,6,89.75,Fiber optic,2,0.9290996,Critical
1031-IIDEO,Month-to-month,1,70.85,Fiber optic,0,0.9290504,Critical
3276-HDUEG,Month-to-month,1,75.05,Fiber optic,0,0.92903686,Critical
0742-NXBGR,Month-to-month,1,82.3,Fiber optic,2,0.92893445,Critical
7903-CMPEY,Month-to-month,1,80.3,Fiber optic,1,0.9286958,Critical
1304-NECVQ,Month-to-month,2,78.55,Fiber optic,1,0.9282363,Critical
5565-FILXA,Month-to-month,16,96.15,Fiber optic,2,0.92818946,Critical
9507-EXLTT,Month-to-month,1,79.35,Fiber optic,1,0.9280599,Critical
8348-HFYIV,Month-to-month,2,49.25,DSL,3,0.92796165,Critical
2446-PLQVO,Month-to-month,1,70.3,Fiber optic,0,0.9279065,Critical
6688-UZPWD,Month-to-month,11,102.0,Fiber optic,3,0.9277484,Critical
7465-ZZRVX,Month-to-month,1,70.35,Fiber optic,0,0.9274588,Critical
5883-GTGVD,Month-to-month,19,99.95,Fiber optic,3,0.9272638,Critical
8821-XNHVZ,Month-to-month,1,80.05,Fiber optic,1,0.92703635,Critical
3296-SILRA,Month-to-month,1,76.4,Fiber optic,1,0.9268971,Critical
0390-DCFDQ,Month-to-month,1,70.45,Fiber optic,0,0.92673665,Critical
3473-XIIIT,Month-to-month,16,100.0,Fiber optic,3,0.9266643,Critical
6416-TVAIH,Month-to-month,1,68.5,Fiber optic,0,0.9263799,Critical
1624-NALOJ,Month-to-month,5,89.8,Fiber optic,2,0.9259309,Critical
8644-XLFBW,Month-to-month,1,71.65,Fiber optic,0,0.9255827,Critical
3091-FYHKI,Month-to-month,1,35.45,DSL,1,0.9255104,Critical
3707-GNWHM,Month-to-month,1,74.25,Fiber optic,0,0.9254215,Critical
6996-KNSML,Month-to-month,1,74.9,Fiber optic,1,0.92496914,Critical
3422-LYEPQ,Month-to-month,1,71.0,Fiber optic,0,0.92431056,Critical
3746-EUBYR,Month-to-month,1,74.6,Fiber optic,0,0.92425096,Critical
0684-AOSIH,Month-to-month,1,95.0,Fiber optic,3,0.92418224,Critical
8380-PEFPE,Month-to-month,1,71.65,Fiber optic,0,0.92391545,Critical
7089-IVVAZ,Month-to-month,8,103.35,Fiber optic,4,0.92379457,Critical
9965-YOKZB,Month-to-month,9,83.85,Fiber optic,1,0.92364126,Critical
5299-RULOA,Month-to-month,10,100.25,Fiber optic,3,0.92358536,Critical
3765-JXVKY,Month-to-month,1,74.7,Fiber optic,1,0.922692,Critical
3440-JPSCL,Month-to-month,6,99.95,Fiber optic,4,0.9220593,Critical
3871-IKPYH,Month-to-month,1,69.1,Fiber optic,0,0.92203236,Critical
0841-NULXI,Month-to-month,1,35.55,DSL,1,0.921718,Critical
4847-TAJYI,Month-to-month,6,89.35,Fiber optic,2,0.9216208,Critical
4274-OWWYO,Month-to-month,1,74.35,Fiber optic,1,0.92149836,Critical
5376-DEQCP,Month-to-month,1,70.6,Fiber optic,0,0.9212566,Critical
2691-NZETQ,Month-to-month,9,85.35,Fiber optic,1,0.9209915,Critical
2990-HWIML,Month-to-month,6,89.5,Fiber optic,2,0.92090327,Critical
9025-AOMKI,Month-to-month,6,93.55,Fiber optic,2,0.9207482,Critical
2777-PHDEI,Month-to-month,1,78.05,Fiber optic,1,0.92071766,Critical
1086-LXKFY,Month-to-month,1,69.1,Fiber optic,0,0.9206781,Critical
9399-APLBT,Month-to-month,1,74.7,Fiber optic,1,0.92060256,Critical
0564-JJHGS,Month-to-month,9,95.5,Fiber optic,2,0.92047447,Critical
6474-FVJLC,Month-to-month,2,86.0,Fiber optic,1,0.92028725,Critical
5054-IEXZT,Month-to-month,1,75.35,Fiber optic,1,0.9196643,Critical
2013-SGDXK,Month-to-month,1,84.3,Fiber optic,2,0.9196246,Critical
0637-KVDLV,Month-to-month,2,76.5,Fiber optic,0,0.91957545,Critical
2454-RPBRZ,Month-to-month,12,98.1,Fiber optic,3,0.9195752,Critical
8058-JMEQO,Month-to-month,9,84.45,Fiber optic,1,0.919164,Critical
8780-IXSTS,Month-to-month,6,90.1,Fiber optic,2,0.9191635,Critical
0196-VULGZ,Month-to-month,6,84.35,Fiber optic,1,0.91909295,Critical
8945-GRKHX,Month-to-month,1,78.65,Fiber optic,1,0.9189177,Critical
2982-VPSGI,Month-to-month,11,94.0,Fiber optic,2,0.9188557,Critical
1724-BQUHA,Month-to-month,5,89.5,Fiber optic,2,0.9186981,Critical
6372-RFVNS,Month-to-month,1,78.8,Fiber optic,1,0.9186541,Critical
8622-ZLFKO,Month-to-month,6,90.75,Fiber optic,2,0.91818684,Critical
6630-UJZMY,Month-to-month,4,83.25,Fiber optic,1,0.9181664,Critical
0195-IESCP,Month-to-month,10,85.25,Fiber optic,1,0.9181608,Critical
8086-OVPWV,Month-to-month,2,80.2,Fiber optic,1,0.91810393,Critical
0235-KGSLC,Month-to-month,1,85.55,Fiber optic,2,0.9176398,Critical
4951-UKAAQ,Month-to-month,4,88.95,Fiber optic,2,0.9176125,Critical
9019-QVLZD,Month-to-month,1,79.55,Fiber optic,1,0.917158,Critical
7576-OYWBN,Month-to-month,3,76.05,Fiber optic,0,0.9170804,Critical
6969-MVBAI,Month-to-month,9,90.1,Fiber optic,2,0.9169462,Critical
7908-QCBCA,Month-to-month,1,69.4,Fiber optic,0,0.91648555,Critical
9451-LPGOO,Month-to-month,7,86.8,Fiber optic,1,0.91628563,Critical
5519-YLDGW,Month-to-month,21,103.9,Fiber optic,4,0.91623944,Critical
8258-GSTJK,Month-to-month,3,77.0,Fiber optic,0,0.9160254,Critical
1925-TIBLE,Month-to-month,7,86.5,Fiber optic,1,0.9158363,Critical
7817-BOQPW,Month-to-month,2,75.55,Fiber optic,0,0.9155947,Critical
2642-DTVCO,Month-to-month,9,85.05,Fiber optic,1,0.9153514,Critical
6215-NQCPY,Month-to-month,15,99.7,Fiber optic,3,0.91519874,Critical
6956-SMUCM,Month-to-month,3,99.0,Fiber optic,4,0.9151855,Critical
2660-EMUBI,Month-to-month,10,95.35,Fiber optic,2,0.9149325,Critical
3319-DWOEP,Month-to-month,6,95.75,Fiber optic,3,0.91491413,Critical
6615-NGGZJ,Month-to-month,14,100.55,Fiber optic,3,0.9147418,Critical
0023-HGHWL,Month-to-month,1,25.1,DSL,0,0.9146081,Critical
4143-OOBWZ,Month-to-month,5,81.3,Fiber optic,1,0.9145782,Critical
1389-CXMLU,Month-to-month,3,91.05,Fiber optic,2,0.91440344,Critical
0754-UKWQP,Month-to-month,2,95.85,Fiber optic,3,0.9142388,Critical
1569-TTNYJ,Month-to-month,5,78.75,Fiber optic,1,0.9140577,Critical
1309-BXVOQ,Month-to-month,21,106.1,Fiber optic,4,0.91403615,Critical
0334-GDDSO,Month-to-month,3,81.35,Fiber optic,1,0.9138386,Critical
6683-VLCTZ,Month-to-month,20,98.55,Fiber optic,3,0.9137816,Critical
3066-RRJIO,Month-to-month,1,69.95,Fiber optic,0,0.9133951,Critical
2276-YDAVZ,Month-to-month,3,75.1,Fiber optic,0,0.9133613,Critical
1980-KXVPM,Month-to-month,3,75.05,Fiber optic,0,0.9132735,Critical
1579-KLYDT,Month-to-month,7,90.45,Fiber optic,2,0.9130389,Critical
0722-TROQR,Month-to-month,4,74.9,Fiber optic,0,0.9129597,Critical
5383-MMTWC,Month-to-month,8,84.0,Fiber optic,1,0.9129349,Critical
7488-MXJIV,Month-to-month,4,85.65,Fiber optic,1,0.9125166,Critical
5186-SAMNZ,Month-to-month,1,69.5,Fiber optic,0,0.91239214,Critical
4234-XTNEA,Month-to-month,2,79.95,Fiber optic,1,0.9123688,Critical
4236-XPXAV,Month-to-month,5,99.15,Fiber optic,4,0.912349,Critical
3643-AHCFP,Month-to-month,7,95.6,Fiber optic,2,0.91218317,Critical
7295-JOMMD,Month-to-month,4,98.1,Fiber optic,4,0.911707,Critical
6960-HVYXR,Month-to-month,1,76.0,Fiber optic,0,0.9115912,Critical
5564-NEMQO,Month-to-month,1,75.3,Fiber optic,1,0.91138303,Critical
3177-LASXD,Month-to-month,1,71.35,Fiber optic,0,0.91120696,Critical
9061-TIHDA,Month-to-month,13,95.25,Fiber optic,2,0.91098225,Critical
8510-AWCXC,Month-to-month,13,100.8,Fiber optic,3,0.9108527,Critical
5561-NWEVX,Month-to-month,2,79.2,Fiber optic,1,0.9107893,Critical
5378-IKEEG,Month-to-month,1,35.75,DSL,1,0.91070306,Critical
1448-PWKYE,Month-to-month,1,80.0,Fiber optic,1,0.91069716,Critical
2856-HYAPG,Month-to-month,1,68.65,Fiber optic,0,0.91065985,Critical
0219-YTZUE,Month-to-month,4,84.8,Fiber optic,2,0.9105765,Critical
4795-KTRTH,Month-to-month,5,81.0,Fiber optic,1,0.9099732,Critical
1915-IOFGU,Month-to-month,1,70.5,Fiber optic,0,0.9099204,Critical
9809-IMGCQ,Month-to-month,22,96.7,Fiber optic,2,0.90966195,Critical
5835-BEQEU,Month-to-month,3,76.95,Fiber optic,0,0.90944225,Critical
5583-SXDAG,Month-to-month,1,70.0,Fiber optic,0,0.90938723,Critical
2215-ZAFGX,Month-to-month,9,85.5,Fiber optic,1,0.9093142,Critical
7153-OANIO,Month-to-month,1,69.95,Fiber optic,0,0.9089218,Critical
6275-YDUVO,Month-to-month,2,86.2,Fiber optic,2,0.9085429,Critical
5393-RXQSZ,Month-to-month,1,79.6,Fiber optic,1,0.9084975,Critical
3097-NQYSN,Month-to-month,2,86.85,Fiber optic,1,0.90835565,Critical
7234-FECYN,Month-to-month,8,101.35,Fiber optic,3,0.9083333,Critical
7780-OTDSO,Month-to-month,18,99.4,Fiber optic,3,0.9079259,Critical
3677-IYRBF,Month-to-month,2,30.4,DSL,1,0.90788484,Critical
5275-SQEIZ,Month-to-month,1,80.85,Fiber optic,1,0.90770906,Critical
7273-TEFQD,Month-to-month,3,41.15,DSL,2,0.90757555,Critical
8357-EQXFO,Month-to-month,7,95.35,Fiber optic,3,0.907134,Critical
3621-CEOVK,Month-to-month,14,100.2,Fiber optic,3,0.90709895,Critical
1334-FJSVR,Month-to-month,1,24.25,DSL,0,0.9068567,Critical
1571-SAVHK,Month-to-month,12,99.95,Fiber optic,3,0.90680724,Critical
2024-BASKD,Month-to-month,1,74.6,Fiber optic,1,0.90677655,Critical
2205-YMZZJ,Month-to-month,7,84.8,Fiber optic,1,0.906152,Critical
6161-UUUTA,Month-to-month,3,79.9,Fiber optic,1,0.905995,Critical
3834-XUIFC,Month-to-month,7,85.2,Fiber optic,1,0.90598524,Critical
3198-VELRD,Month-to-month,3,84.75,Fiber optic,1,0.9059338,Critical
8931-GJJIQ,Month-to-month,9,83.3,Fiber optic,1,0.9058839,Critical
2034-GDRCN,Month-to-month,2,90.4,Fiber optic,2,0.90574735,Critical
3422-GALYP,Month-to-month,2,79.45,Fiber optic,1,0.90567344,Critical
1740-CSDJP,Month-to-month,1,35.25,DSL,1,0.9056648,Critical
7228-OMTPN,Month-to-month,4,88.45,Fiber optic,2,0.9056294,Critical
1285-OKIPP,Month-to-month,1,79.9,Fiber optic,1,0.90530515,Critical
0968-GSIKN,Month-to-month,1,70.8,Fiber optic,0,0.90513015,Critical
5032-MIYKT,Month-to-month,1,70.7,Fiber optic,0,0.90513015,Critical
9985-MWVIX,Month-to-month,1,70.15,Fiber optic,0,0.9051029,Critical
2619-WFQWU,Month-to-month,1,70.15,Fiber optic,0,0.9051029,Critical
5673-FSSMF,Month-to-month,1,60.15,DSL,1,0.9049355,Critical
7074-IEVOJ,Month-to-month,3,79.4,Fiber optic,1,0.90455014,Critical
2262-SLNVK,Month-to-month,1,70.1,Fiber optic,0,0.9045351,Critical
7548-SEPYI,Month-to-month,5,96.25,Fiber optic,3,0.9044845,Critical
1062-LHZOD,Month-to-month,1,69.9,Fiber optic,0,0.90432703,Critical
4439-JMPMT,Month-to-month,5,85.75,Fiber optic,2,0.9036031,Critical
2074-GKOWZ,Month-to-month,2,89.55,Fiber optic,2,0.9035458,Critical
1393-IMKZG,Month-to-month,1,95.85,Fiber optic,3,0.9034664,Critical
9330-IJWIO,Month-to-month,13,100.35,Fiber optic,3,0.903171,Critical
1981-INRFU,Month-to-month,2,79.75,Fiber optic,1,0.90294486,Critical
7568-PODML,Month-to-month,1,45.3,DSL,2,0.9027926,Critical
5293-WXJAK,Month-to-month,11,104.05,Fiber optic,4,0.902334,Critical
6496-SLWHQ,Month-to-month,3,105.0,Fiber optic,4,0.9021917,Critical
0871-URUWO,Month-to-month,13,102.25,Fiber optic,3,0.90213066,Critical
0404-SWRVG,Month-to-month,3,74.4,Fiber optic,0,0.90193075,Critical
1197-BVMVG,Month-to-month,4,74.45,Fiber optic,0,0.9014068,Critical
9444-JTXHZ,Month-to-month,1,76.2,Fiber optic,1,0.9010639,Critical
0236-HFWSV,Month-to-month,15,93.35,Fiber optic,2,0.9010451,Critical
6910-HADCM,Month-to-month,1,76.35,Fiber optic,1,0.9008825,Critical
9894-EZEWG,Month-to-month,1,74.3,Fiber optic,1,0.9008595,Critical
9878-TNQGW,Month-to-month,2,80.95,Fiber optic,1,0.90081036,Critical
5935-FCCNB,Month-to-month,17,94.2,Fiber optic,2,0.90080667,Critical
4759-TRPLW,Month-to-month,1,70.4,Fiber optic,0,0.900757,Critical
7341-LXCAF,Month-to-month,4,74.65,Fiber optic,0,0.90075386,Critical
6772-KSATR,Month-to-month,1,81.7,Fiber optic,1,0.90074176,Critical
2867-UIMSS,Month-to-month,1,80.5,Fiber optic,1,0.90059227,Critical
0515-YPMCW,Month-to-month,1,70.45,Fiber optic,0,0.90049356,Critical
3797-VTIDR,Month-to-month,1,23.45,DSL,0,0.90029156,Critical
0375-HVGXO,Month-to-month,1,34.7,DSL,1,0.8999647,Critical
3801-HMYNL,Month-to-month,1,89.15,Fiber optic,2,0.89955,Critical
8414-MYSHR,Month-to-month,5,91.4,Fiber optic,2,0.8992743,Critical
0680-DFNNY,Month-to-month,15,101.1,Fiber optic,3,0.89912605,Critical
5519-NPHVG,Month-to-month,12,94.2,Fiber optic,2,0.89855295,Critical
7767-UXAGJ,Month-to-month,1,50.45,DSL,0,0.8980087,Critical
7938-OUHIO,Month-to-month,3,98.7,Fiber optic,4,0.8979438,Critical
4529-CKBCL,Month-to-month,2,80.2,Fiber optic,1,0.8977248,Critical
9094-AZPHK,Month-to-month,15,100.15,Fiber optic,3,0.8976752,Critical
8808-ELEHO,Month-to-month,8,81.25,Fiber optic,1,0.89766043,Critical
4192-GORJT,Month-to-month,5,94.45,Fiber optic,3,0.89756167,Critical
1567-DSCIC,Month-to-month,8,94.0,Fiber optic,3,0.89753616,Critical
2612-RRIDN,Month-to-month,4,81.0,Fiber optic,1,0.8975296,Critical
4813-HQMGZ,Month-to-month,8,90.25,Fiber optic,2,0.8973589,Critical
5318-IXUZF,Month-to-month,2,87.15,Fiber optic,2,0.89721775,Critical
2612-RANWT,Month-to-month,12,100.15,Fiber optic,3,0.8969327,Critical
2025-JKFWI,Month-to-month,13,99.0,Fiber optic,3,0.896467,Critical
6435-SRWBJ,Month-to-month,5,82.75,Fiber optic,2,0.89619935,Critical
4597-NUCQV,Month-to-month,24,101.25,Fiber optic,3,0.89615214,Critical
7398-SKNQZ,Month-to-month,3,94.9,Fiber optic,2,0.895111,Critical
7005-CCBKV,Month-to-month,6,84.4,Fiber optic,2,0.8950289,Critical
7932-WPTDS,Month-to-month,1,24.8,DSL,0,0.8942068,Critical
7249-WBIYX,Month-to-month,10,85.6,Fiber optic,1,0.8940392,Critical
2737-WFVYW,Month-to-month,2,45.25,DSL,2,0.8939894,Critical
7595-EUIVN,Month-to-month,1,75.8,Fiber optic,1,0.8939608,Critical
9897-KXHCM,Month-to-month,3,80.3,Fiber optic,1,0.8939052,Critical
2845-AFFTX,Month-to-month,41,99.8,Fiber optic,3,0.89382493,Critical
8337-UPOAQ,Month-to-month,10,89.8,Fiber optic,2,0.89352345,Critical
8309-IEYJD,Month-to-month,1,70.6,Fiber optic,0,0.8935131,Critical
7779-LGOVN,Month-to-month,10,86.65,Fiber optic,1,0.8932953,Critical
6023-YEBUP,Month-to-month,3,100.95,Fiber optic,3,0.8932503,Critical
5868-YWPDW,Month-to-month,6,84.2,Fiber optic,2,0.89304656,Critical
3727-RJMEO,Month-to-month,6,82.85,Fiber optic,1,0.8929032,Critical
1658-BYGOY,Month-to-month,18,95.45,Fiber optic,2,0.8927071,Critical
0011-IGKFF,Month-to-month,13,98.0,Fiber optic,4,0.89266187,Critical
9734-YWGEX,Month-to-month,9,98.3,Fiber optic,3,0.8925532,Critical
0880-TKATG,Month-to-month,4,101.15,Fiber optic,3,0.89241195,Critical
9957-YODKZ,Month-to-month,6,80.8,Fiber optic,1,0.892399,Critical
1626-ERCMM,Month-to-month,20,94.55,Fiber optic,2,0.89230335,Critical
2123-AGEEN,Month-to-month,7,84.35,Fiber optic,2,0.8921115,Critical
3045-XETSH,Month-to-month,10,94.85,Fiber optic,3,0.892076,Critical
3519-ZKXGG,Month-to-month,3,75.85,Fiber optic,0,0.89197886,Critical
7613-LLQFO,Month-to-month,12,84.45,Fiber optic,1,0.891889,Critical
2920-RNCEZ,Month-to-month,1,69.95,Fiber optic,0,0.8916492,Critical
4110-PFEUZ,Month-to-month,1,69.55,Fiber optic,0,0.891588,Critical
9134-CEQMF,Month-to-month,7,89.5,Fiber optic,2,0.89137214,Critical
7668-XCFYV,Month-to-month,17,92.55,Fiber optic,2,0.89132565,Critical
3398-FSHON,Month-to-month,12,91.3,Fiber optic,2,0.8912374,Critical
4201-JMNGR,Month-to-month,1,55.8,DSL,2,0.8911291,Critical
4587-VVTOX,Month-to-month,6,105.3,Fiber optic,4,0.8909286,Critical
1320-HTRDR,Month-to-month,3,75.5,Fiber optic,0,0.89088726,Critical
5419-CONWX,Month-to-month,4,99.8,Fiber optic,4,0.8907362,Critical
3389-YGYAI,Month-to-month,8,105.5,Fiber optic,4,0.8907027,Critical
4229-CZMLL,Month-to-month,6,74.9,Fiber optic,0,0.89056665,Critical
1678-FYZOW,Month-to-month,3,79.4,Fiber optic,1,0.8904832,Critical
7235-NXZCP,Month-to-month,2,74.85,Fiber optic,0,0.8899036,Critical
8992-JQYUN,Month-to-month,1,50.35,DSL,3,0.8897058,Critical
4021-RQSNY,Month-to-month,29,98.5,Fiber optic,3,0.88967353,Critical
6437-UKHMV,Month-to-month,7,79.7,Fiber optic,1,0.8895662,Critical
9231-ZJYAM,Month-to-month,4,78.85,Fiber optic,1,0.8894464,Critical
3320-VEOYC,Month-to-month,14,95.6,Fiber optic,2,0.8890859,Critical
0519-XUZJU,Month-to-month,1,70.75,Fiber optic,0,0.8890583,Critical
7079-QRCBC,Month-to-month,24,98.75,Fiber optic,3,0.8889882,Critical
4929-XIHVW,Month-to-month,2,95.5,Fiber optic,3,0.8889282,Critical
3318-NMQXL,Month-to-month,3,92.0,Fiber optic,2,0.88891387,Critical
9514-JDSKI,Month-to-month,1,40.2,DSL,2,0.8888384,Critical
6140-QNRQQ,Month-to-month,1,71.55,Fiber optic,0,0.88879395,Critical
8042-JVNFH,Month-to-month,1,71.35,Fiber optic,0,0.88879395,Critical
8625-AZYZY,Month-to-month,24,104.65,Fiber optic,4,0.8885966,Critical
2985-FMWYF,Month-to-month,23,93.5,Fiber optic,2,0.8882073,Critical
0306-JAELE,Month-to-month,5,96.1,Fiber optic,3,0.888167,Critical
6877-TJMBR,Month-to-month,1,84.8,Fiber optic,2,0.8881283,Critical
1768-ZAIFU,Month-to-month,1,25.2,DSL,0,0.8878676,Critical
4636-QRJKY,Month-to-month,6,80.5,Fiber optic,1,0.8878474,Critical
6350-XFYGW,Month-to-month,4,94.75,Fiber optic,3,0.8876968,Critical
1122-JWTJW,Month-to-month,1,70.65,Fiber optic,0,0.8874842,Critical
4086-YQSNZ,Month-to-month,3,80.4,Fiber optic,1,0.88721347,Critical
9306-CPCBC,Month-to-month,3,74.25,Fiber optic,0,0.88709074,Critical
1976-CFOCS,Month-to-month,1,46.0,DSL,0,0.8867758,Critical
1866-RZZQS,Month-to-month,41,98.4,Fiber optic,3,0.8867605,Critical
4501-EQDRN,Month-to-month,1,69.7,Fiber optic,0,0.8865525,Critical
0511-JTEOY,Month-to-month,1,71.1,Fiber optic,0,0.8861726,Critical
8040-MNRTF,Month-to-month,1,71.1,Fiber optic,0,0.8861726,Critical
0151-ONTOV,Month-to-month,1,70.9,Fiber optic,0,0.8861726,Critical
0329-GTIAJ,Month-to-month,3,97.9,Fiber optic,4,0.88617176,Critical
4094-NSEDU,Month-to-month,21,94.25,Fiber optic,2,0.88613623,Critical
6229-LSCKB,Month-to-month,6,79.7,Fiber optic,1,0.88545805,Critical
5889-LFOLL,Month-to-month,13,84.6,Fiber optic,1,0.88527375,Critical
4581-SSPWD,Month-to-month,3,75.8,Fiber optic,0,0.88480985,Critical
0812-WUPTB,Month-to-month,1,70.85,Fiber optic,0,0.88480276,Critical
4298-OYIFC,Month-to-month,15,103.45,Fiber optic,4,0.88475555,Critical
4514-GFCFI,Month-to-month,16,84.75,Fiber optic,1,0.8845032,Critical
5138-WVKYJ,Month-to-month,10,98.55,Fiber optic,3,0.88437515,Critical
2082-CEFLT,Month-to-month,1,45.6,DSL,0,0.8843026,Critical
2135-RXIHG,Month-to-month,1,45.65,DSL,0,0.8843026,Critical
5382-SOYZL,Month-to-month,22,95.1,Fiber optic,2,0.88426703,Critical
5159-YFPKQ,Month-to-month,2,75.8,Fiber optic,1,0.88420486,Critical
5698-BQJOH,Month-to-month,9,94.4,Fiber optic,2,0.8840406,Critical
0013-EXCHZ,Month-to-month,3,83.9,Fiber optic,2,0.88342404,Critical
5168-MSWXT,Month-to-month,8,94.75,Fiber optic,3,0.8833859,Critical
1875-QIVME,Month-to-month,2,104.4,Fiber optic,4,0.88338315,Critical
9840-EFJQB,Month-to-month,1,74.35,Fiber optic,1,0.8832441,Critical
1200-TUZHR,Month-to-month,8,85.2,Fiber optic,1,0.88291705,Critical
1564-NTYXF,Month-to-month,13,82.0,Fiber optic,1,0.88267744,Critical
5804-LEPIM,Month-to-month,2,70.35,Fiber optic,0,0.8826704,Critical
2516-VQRRV,Month-to-month,2,75.45,Fiber optic,0,0.8824494,Critical
5956-VKDTT,Month-to-month,5,74.35,Fiber optic,0,0.88235575,Critical
0325-XBFAC,Month-to-month,8,94.7,Fiber optic,3,0.88198996,Critical
4140-MUHUG,Month-to-month,3,86.85,Fiber optic,2,0.8818483,Critical
6060-DRTNL,Month-to-month,5,84.85,Fiber optic,2,0.88183296,Critical
5150-ITWWB,Month-to-month,3,94.85,Fiber optic,2,0.8817678,Critical
2568-OIADY,Month-to-month,37,99.5,Fiber optic,3,0.88157976,Critical
7563-BIUPC,Month-to-month,5,80.6,Fiber optic,1,0.8815393,Critical
6711-FLDFB,Month-to-month,7,74.9,Fiber optic,0,0.8813335,Critical
4090-KPJIP,Month-to-month,3,74.95,Fiber optic,0,0.88123953,Critical
2789-HQBOU,Month-to-month,3,80.35,Fiber optic,1,0.88112074,Critical
3247-ZVOUO,Month-to-month,10,85.55,Fiber optic,1,0.88105804,Critical
5095-AESKG,Month-to-month,3,91.5,Fiber optic,2,0.88080806,Critical
9430-FRQOC,Month-to-month,4,87.1,Fiber optic,2,0.8805978,Critical
8118-LSUEL,Month-to-month,23,106.4,Fiber optic,4,0.88033277,Critical
0220-EBGCE,Month-to-month,2,85.85,Fiber optic,2,0.8801999,Critical
2379-ENZGV,Month-to-month,6,84.85,Fiber optic,2,0.8801322,Critical
5590-BYNII,Month-to-month,22,100.75,Fiber optic,3,0.8800834,Critical
0345-HKJVM,Month-to-month,6,89.3,Fiber optic,2,0.8798992,Critical
3489-HHPFY,Month-to-month,2,84.05,Fiber optic,1,0.8798707,Critical
6128-CZOMY,Month-to-month,1,45.65,DSL,0,0.87971824,Critical
3877-JRJIP,Month-to-month,1,59.85,DSL,1,0.8795498,Critical
6127-ISGTU,Month-to-month,16,84.95,Fiber optic,1,0.8793719,Critical
4282-YMKNA,Month-to-month,9,74.75,Fiber optic,0,0.8789773,Critical
2485-ITVKB,Month-to-month,2,35.1,DSL,1,0.87892956,Critical
9940-RHLFB,Month-to-month,1,75.3,Fiber optic,1,0.8788233,Critical
4060-LDNLU,Month-to-month,7,96.2,Fiber optic,2,0.878485,Critical
4132-KALRO,Month-to-month,4,100.85,Fiber optic,3,0.8781389,Critical
4315-MURBD,Month-to-month,12,98.9,Fiber optic,4,0.87810665,Critical
0122-OAHPZ,Month-to-month,7,73.85,Fiber optic,0,0.87788445,Critical
2876-GZYZC,Month-to-month,13,85.95,Fiber optic,1,0.87786084,Critical
6137-NICCO,Month-to-month,6,94.05,Fiber optic,3,0.8778544,Critical
8443-ZRDBZ,Month-to-month,4,76.05,Fiber optic,0,0.87780046,Critical
2929-ERCFZ,Month-to-month,8,94.2,Fiber optic,3,0.8772719,Critical
3096-GKWEB,Month-to-month,18,94.75,Fiber optic,2,0.8772188,Critical
5955-ERIHD,Month-to-month,18,94.7,Fiber optic,2,0.8772188,Critical
9617-INGJY,Month-to-month,1,70.6,Fiber optic,0,0.87716264,Critical
8429-XIBUM,Month-to-month,22,101.35,Fiber optic,3,0.87691295,Critical
5348-CAGXB,Month-to-month,12,89.55,Fiber optic,2,0.876782,Critical
1173-XZPYF,Month-to-month,11,89.2,Fiber optic,2,0.87673503,Critical
5884-GCYMI,Month-to-month,1,69.4,Fiber optic,0,0.876414,Critical
9828-AOQLM,Month-to-month,1,45.7,DSL,0,0.87606174,Critical
0916-QOFDP,Month-to-month,14,95.8,Fiber optic,2,0.87592214,Critical
1731-TVIUK,Month-to-month,4,93.5,Fiber optic,3,0.87585855,Critical
4423-YLHDV,Month-to-month,21,104.4,Fiber optic,4,0.8758312,Critical
6941-PMGEP,Month-to-month,5,80.0,Fiber optic,1,0.8752037,Critical
6892-XPFPU,Month-to-month,24,104.25,Fiber optic,4,0.8749314,Critical
9944-HKVVB,Month-to-month,3,95.1,Fiber optic,3,0.87480307,Critical
4210-QFJMF,Month-to-month,4,79.15,Fiber optic,1,0.8747914,Critical
5130-IEKQT,Month-to-month,25,105.95,Fiber optic,4,0.8744471,Critical
8752-STIVR,Month-to-month,4,79.0,Fiber optic,1,0.87364286,Critical
4290-BSXUX,Month-to-month,3,79.65,Fiber optic,1,0.8735227,Critical
9290-SHCMB,Month-to-month,13,96.85,Fiber optic,3,0.87348133,Critical
1084-UQCHV,Month-to-month,1,69.75,Fiber optic,0,0.8734081,Critical
9317-WZPGV,Month-to-month,2,79.75,Fiber optic,1,0.8731582,Critical
9837-BMCLM,Month-to-month,3,78.5,Fiber optic,1,0.87305987,Critical
8185-UPYBR,Month-to-month,6,75.5,Fiber optic,0,0.87291086,Critical
7693-LCKZL,Month-to-month,5,80.15,Fiber optic,1,0.87268376,Critical
6860-YRJZP,Month-to-month,9,74.05,Fiber optic,0,0.8726677,Critical
7508-MYBOG,Month-to-month,14,86.1,Fiber optic,1,0.8719736,Critical
1184-PJVDB,Month-to-month,10,79.95,Fiber optic,1,0.87147677,Critical
6086-ESGRL,Month-to-month,1,80.15,Fiber optic,1,0.87131953,Critical
2761-OCIAX,Month-to-month,2,74.7,Fiber optic,1,0.8712504,Critical
5077-DXTCG,Month-to-month,1,45.3,DSL,0,0.8712493,Critical
2506-CLAKW,Month-to-month,6,98.15,Fiber optic,5,0.87123674,Critical
5052-PNLOS,Month-to-month,3,105.35,Fiber optic,4,0.87106687,Critical
9919-KNPOO,Month-to-month,21,94.3,Fiber optic,2,0.87103546,Critical
3217-FZDMN,Month-to-month,8,94.45,Fiber optic,3,0.8710187,Critical
5043-TRZWM,Month-to-month,1,75.55,Fiber optic,1,0.87087595,Critical
3106-ULWFW,Month-to-month,8,85.2,Fiber optic,1,0.8708358,Critical
5956-YHHRX,Month-to-month,21,104.35,Fiber optic,4,0.8707267,Critical
2645-QTLMB,Month-to-month,7,94.25,Fiber optic,3,0.87035376,Critical
9600-NAXZN,Month-to-month,43,101.4,Fiber optic,3,0.8702545,Critical
7783-YKGDV,Month-to-month,12,99.7,Fiber optic,4,0.86992127,Critical
9274-CNFMO,Month-to-month,4,74.95,Fiber optic,0,0.86950105,Critical
9851-QXEEQ,Month-to-month,41,104.7,Fiber optic,4,0.8694199,Critical
9874-QLCLH,Month-to-month,17,104.2,Fiber optic,4,0.8691125,Critical
3211-AAPKX,Month-to-month,20,98.55,Fiber optic,3,0.86906004,Critical
6821-BUXUX,Month-to-month,13,96.65,Fiber optic,3,0.86890835,Critical
1400-MMYXY,Month-to-month,3,105.9,Fiber optic,4,0.8689057,Critical
7858-GTZSP,Month-to-month,12,86.55,Fiber optic,1,0.86876965,Critical
0822-GAVAP,Month-to-month,2,34.7,DSL,1,0.86868215,Critical
1723-HKXJQ,Month-to-month,42,101.75,Fiber optic,3,0.86838824,Critical
6328-ZPBGN,Month-to-month,11,95.15,Fiber optic,2,0.86834115,Critical
3585-ISXZP,Month-to-month,8,95.65,Fiber optic,2,0.86809766,Critical
1704-NRWYE,Month-to-month,9,80.85,Fiber optic,1,0.8680286,Critical
4285-GYRQC,Month-to-month,7,86.25,Fiber optic,2,0.86788225,Critical
4145-UQXUQ,Month-to-month,8,92.1,Fiber optic,3,0.8678733,Critical
0495-ZBNGW,Month-to-month,5,79.9,Fiber optic,1,0.86787087,Critical
7511-YMXVQ,Month-to-month,9,45.4,DSL,2,0.86780185,Critical
8083-YTZES,Month-to-month,4,74.35,Fiber optic,0,0.8677089,Critical
7854-FOKSF,Month-to-month,1,35.9,DSL,1,0.86769027,Critical
4289-DTDKW,Month-to-month,40,101.3,Fiber optic,3,0.8673657,Critical
8541-QVFKM,Month-to-month,8,73.5,Fiber optic,0,0.8672473,Critical
0365-BZUWY,Month-to-month,17,102.55,Fiber optic,4,0.86687267,Critical
3606-TWKGI,Month-to-month,13,106.9,Fiber optic,4,0.8667324,Critical
4806-KEXQR,Month-to-month,4,79.9,Fiber optic,1,0.8665989,Critical
7831-QGOXH,Month-to-month,18,85.2,Fiber optic,1,0.8664766,Critical
6424-ELEYH,Month-to-month,3,74.75,Fiber optic,0,0.8664344,Critical
4919-IKATY,Month-to-month,5,84.5,Fiber optic,2,0.86633503,Critical
7599-FKVXZ,Month-to-month,42,106.15,Fiber optic,4,0.86629933,Critical
2737-YNGYW,Month-to-month,2,80.55,Fiber optic,1,0.8662183,Critical
6326-MTTXK,Month-to-month,8,100.85,Fiber optic,3,0.86620104,Critical
9992-RRAMN,Month-to-month,22,85.1,Fiber optic,1,0.8661027,Critical
0420-HLGXF,Month-to-month,39,99.75,Fiber optic,3,0.86600995,Critical
5655-JSMZM,Month-to-month,49,96.2,Fiber optic,2,0.8658002,Critical
9647-ERGBE,Month-to-month,30,100.05,Fiber optic,3,0.86529744,Critical
7363-QTBIW,Month-to-month,9,79.75,Fiber optic,1,0.8652559,Critical
6407-UTSLV,Month-to-month,2,83.8,Fiber optic,2,0.8650676,Critical
2180-DXNEG,Month-to-month,12,96.0,Fiber optic,3,0.86494404,Critical
6899-PPEEA,Month-to-month,37,96.55,Fiber optic,2,0.8648946,Critical
7384-GHBPI,Month-to-month,3,35.15,DSL,1,0.8648771,Critical
5229-PRWKT,Month-to-month,8,86.55,Fiber optic,1,0.8648518,Critical
8361-LTMKD,Month-to-month,4,74.4,Fiber optic,0,0.8647399,Critical
2636-OHFMN,Month-to-month,4,48.55,DSL,3,0.8645135,Critical
9185-TQCVP,Month-to-month,14,85.15,Fiber optic,1,0.8644444,Critical
3452-GWUIN,Month-to-month,19,94.95,Fiber optic,2,0.86442435,Critical
7056-IMHCC,Month-to-month,53,101.9,Fiber optic,3,0.8640206,Critical
3538-WZPHD,Month-to-month,3,29.6,DSL,1,0.8633981,Critical
3583-EKAPL,Month-to-month,1,55.0,DSL,1,0.86329865,Critical
1618-CFHME,Month-to-month,2,75.9,Fiber optic,0,0.8628939,Critical
8875-AKBYH,Month-to-month,20,84.35,Fiber optic,1,0.862819,Critical
1602-IJQQE,Month-to-month,4,75.35,Fiber optic,0,0.86281264,Critical
8065-YKXKD,Month-to-month,10,74.75,Fiber optic,0,0.8622606,Critical
8111-SLLHI,Month-to-month,39,105.65,Fiber optic,4,0.86214006,Critical
9565-DJPIB,Month-to-month,4,89.6,Fiber optic,2,0.86186516,Critical
8397-MVTAZ,Month-to-month,34,100.05,Fiber optic,3,0.8618004,Critical
6986-IXNDM,Month-to-month,14,92.9,Fiber optic,2,0.86172616,Critical
0337-CNPZE,Month-to-month,41,106.3,Fiber optic,4,0.86155397,Critical
9058-CBREO,Month-to-month,1,50.55,DSL,0,0.8615445,Critical
3393-FMZPV,Month-to-month,25,100.25,Fiber optic,3,0.8614056,Critical
7225-CBZPL,Month-to-month,17,94.8,Fiber optic,2,0.8613519,Critical
0722-SVSFK,Month-to-month,7,100.4,Fiber optic,4,0.86113155,Critical
8634-MPHTR,Month-to-month,47,100.05,Fiber optic,3,0.8610689,Critical
5949-XIKAE,Month-to-month,8,83.55,Fiber optic,2,0.8610118,Critical
7218-HKQFK,Month-to-month,2,94.2,Fiber optic,3,0.8610009,Critical
3001-UNBTL,Month-to-month,29,103.95,Fiber optic,3,0.8608924,Critical
2674-MIAHT,Month-to-month,4,80.3,Fiber optic,1,0.86030203,Critical
1583-IHQZE,Month-to-month,12,112.95,Fiber optic,5,0.8601927,Critical
1268-ASBGA,Month-to-month,16,85.35,Fiber optic,1,0.86017096,Critical
5357-TZHPP,Month-to-month,9,84.4,Fiber optic,1,0.86010224,Critical
9850-OWRHQ,Month-to-month,3,74.1,Fiber optic,0,0.8600984,Critical
7479-NITWS,Month-to-month,7,89.35,Fiber optic,2,0.8598752,Critical
5644-PDMZC,Month-to-month,2,89.5,Fiber optic,2,0.8598655,Critical
3191-CSNMG,Month-to-month,3,80.7,Fiber optic,1,0.8598542,Critical
0840-DFEZH,Month-to-month,7,75.35,Fiber optic,0,0.8597853,Critical
3874-EQOEP,Month-to-month,7,95.0,Fiber optic,2,0.8596225,Critical
8374-XGEJJ,Month-to-month,43,101.0,Fiber optic,3,0.85939217,Critical
6331-EWIEB,Month-to-month,20,85.25,Fiber optic,1,0.8593498,Critical
4735-ASGMA,Month-to-month,26,98.35,Fiber optic,3,0.85929114,Critical
0231-LXVAP,Month-to-month,1,75.9,Fiber optic,1,0.85919476,Critical
7315-WYOAW,Month-to-month,13,100.75,Fiber optic,3,0.8590854,Critical
6127-IYJOZ,Month-to-month,1,45.85,DSL,0,0.8590813,Critical
9334-GWGOW,Month-to-month,7,74.85,Fiber optic,0,0.8589197,Critical
2657-VPXTA,Month-to-month,10,88.85,Fiber optic,2,0.85874313,Critical
9189-JWSHV,Month-to-month,24,93.55,Fiber optic,2,0.85862005,Critical
1379-FRVEB,Month-to-month,15,91.0,Fiber optic,2,0.85844904,Critical
0187-QSXOE,Month-to-month,7,89.0,Fiber optic,2,0.8583442,Critical
5937-EORGB,Month-to-month,15,96.5,Fiber optic,3,0.8582027,Critical
4391-RESHN,Month-to-month,23,104.05,Fiber optic,4,0.8579874,Critical
8087-LGYHQ,Month-to-month,9,94.05,Fiber optic,3,0.8576834,Critical
6608-QQLVK,Month-to-month,1,50.5,DSL,1,0.8576114,Critical
8443-WVPSS,Month-to-month,10,99.85,Fiber optic,4,0.85753393,Critical
7638-QVMVY,Month-to-month,7,79.0,Fiber optic,1,0.8572038,Critical
5940-AHUHD,Month-to-month,1,70.6,Fiber optic,0,0.8571006,Critical
6185-TASNN,Month-to-month,1,46.3,DSL,0,0.8570941,Critical
9689-PTNPG,Month-to-month,2,80.25,Fiber optic,1,0.8570023,Critical
6110-OHIHY,Month-to-month,3,79.25,Fiber optic,1,0.856981,Critical
8263-JQAIK,Month-to-month,2,24.45,DSL,0,0.8569664,Critical
2135-DQWAQ,Month-to-month,5,85.3,Fiber optic,2,0.8567701,Critical
5276-KQWHG,Month-to-month,2,69.6,Fiber optic,0,0.85675,Critical
0876-WDUUZ,Month-to-month,5,85.4,Fiber optic,2,0.85668105,Critical
7392-YYPYJ,Month-to-month,22,100.65,Fiber optic,3,0.8566058,Critical
5349-IECLD,Month-to-month,2,94.95,Fiber optic,3,0.8565988,Critical
7156-MHUGY,Month-to-month,13,90.5,Fiber optic,2,0.85652477,Critical
1666-JXLKU,Month-to-month,37,100.05,Fiber optic,3,0.8562255,Critical
5569-KGJHX,Month-to-month,9,85.35,Fiber optic,1,0.8560736,Critical
5980-NOPLP,Month-to-month,44,96.1,Fiber optic,2,0.85559773,Critical
6518-LGAOV,Month-to-month,38,105.0,Fiber optic,4,0.85514754,Critical
8709-KRDVL,Month-to-month,33,100.0,Fiber optic,3,0.85511386,Critical
3737-GCSPV,Month-to-month,11,96.2,Fiber optic,3,0.85488665,Critical
8943-URTMR,Month-to-month,2,79.65,Fiber optic,1,0.8548547,Critical
3841-CONLJ,Month-to-month,1,35.0,DSL,1,0.85463643,Critical
7365-BVCJH,Month-to-month,1,24.4,DSL,0,0.85444087,Critical
4686-UXDML,Month-to-month,21,99.85,Fiber optic,3,0.8544249,Critical
6432-TWQLB,Month-to-month,5,85.4,Fiber optic,2,0.8543401,Critical
3384-CTMSF,Month-to-month,47,104.1,Fiber optic,4,0.85413384,Critical
4884-ZTHVF,Month-to-month,8,87.1,Fiber optic,2,0.85412556,Critical
7359-PTSXY,Month-to-month,1,45.75,DSL,0,0.85400826,Critical
9360-OMDZZ,Month-to-month,24,94.1,Fiber optic,2,0.85365826,Critical
9436-ZBZCT,Month-to-month,14,89.95,Fiber optic,2,0.85364646,Critical
8937-RDTHP,Month-to-month,1,84.6,Fiber optic,2,0.8536041,Critical
0709-TVGUR,Month-to-month,9,74.55,Fiber optic,0,0.8535234,Critical
6087-MVHJH,Month-to-month,16,88.45,Fiber optic,2,0.85330033,Critical
2672-DZUOY,Month-to-month,1,25.15,DSL,0,0.85322815,Critical
3001-CBHLQ,Month-to-month,32,104.9,Fiber optic,4,0.8530328,Critical
2077-MPJQO,Month-to-month,7,75.4,Fiber optic,0,0.85288554,Critical
0925-VYDLG,Month-to-month,3,75.25,Fiber optic,0,0.8528049,Critical
9221-OTIVJ,Month-to-month,14,104.85,Fiber optic,4,0.8527766,Critical
0207-MDKNV,Month-to-month,15,105.1,Fiber optic,5,0.8526003,Critical
1342-JPNKI,Month-to-month,10,86.05,Fiber optic,1,0.85255384,Critical
0746-JTRFU,Month-to-month,2,25.05,DSL,0,0.8524392,Critical
4112-LUEIZ,Month-to-month,10,89.5,Fiber optic,2,0.8524207,Critical
2880-FPNAE,Month-to-month,2,74.2,Fiber optic,1,0.85237163,Critical
5570-PTWEH,Month-to-month,3,75.15,Fiber optic,0,0.85216457,Critical
2026-TGDHM,Month-to-month,7,79.3,Fiber optic,1,0.8518364,Critical
9314-IJWSQ,Month-to-month,14,84.8,Fiber optic,1,0.85171866,Critical
3721-CNEYS,Month-to-month,2,70.95,Fiber optic,0,0.85169834,Critical
9402-ORRAH,Month-to-month,15,91.5,Fiber optic,2,0.85151136,Critical
3295-YVUSR,Month-to-month,2,72.6,Fiber optic,0,0.8515015,Critical
0378-TOVMS,Month-to-month,3,85.8,Fiber optic,2,0.8514295,Critical
8132-YPVBX,Month-to-month,6,85.95,Fiber optic,2,0.8512029,Critical
6646-VRFOL,Month-to-month,53,103.85,Fiber optic,4,0.85102993,Critical
2774-LVQUS,Month-to-month,15,83.05,Fiber optic,2,0.8508847,Critical
3338-CVVEH,Month-to-month,12,94.55,Fiber optic,2,0.8506752,Critical
7890-VYYWG,Month-to-month,3,36.45,DSL,1,0.84988403,Critical
5909-ECHUI,Month-to-month,1,56.25,DSL,1,0.8497271,Critical
9747-DDZOS,Month-to-month,1,73.5,Fiber optic,1,0.8496684,Critical
6029-WTIPC,Month-to-month,37,101.1,Fiber optic,3,0.84945047,Critical
2439-LYPMQ,Month-to-month,38,102.6,Fiber optic,4,0.84934187,Critical
6692-UDPJC,Month-to-month,14,91.65,Fiber optic,2,0.8491211,Critical
9611-CTWIH,Month-to-month,3,89.45,Fiber optic,2,0.8490381,Critical
5445-UTODQ,Month-to-month,7,81.1,Fiber optic,1,0.8489616,Critical
3372-KWFBM,Month-to-month,16,86.6,Fiber optic,1,0.84880203,Critical
7495-OOKFY,Month-to-month,8,80.65,Fiber optic,1,0.84866005,Critical
7825-GKXMW,Month-to-month,1,45.8,DSL,0,0.8484293,Critical
0661-XEYAN,Month-to-month,1,25.8,DSL,0,0.8483162,Critical
1496-GGSUK,Month-to-month,1,25.7,DSL,0,0.8483162,Critical
6357-JJPQT,Month-to-month,3,80.5,Fiber optic,1,0.84815574,Critical
0616-ATFGB,Month-to-month,1,25.05,DSL,0,0.84799415,Critical
7142-HVGBG,Month-to-month,43,103.0,Fiber optic,4,0.8478785,Critical
3249-ZPQRG,Month-to-month,4,78.45,Fiber optic,1,0.8475208,Critical
9685-WKZGT,Month-to-month,14,74.95,Fiber optic,0,0.8472425,Critical
2495-INZWQ,Month-to-month,4,44.55,DSL,2,0.8471562,Critical
7760-OYPDY,Month-to-month,2,80.65,Fiber optic,1,0.8468376,Critical
4395-PZMSN,Month-to-month,5,85.55,Fiber optic,2,0.8466716,Critical
8868-WOZGU,Month-to-month,28,105.7,Fiber optic,4,0.8464643,Critical
1965-AKTSX,Month-to-month,14,78.95,Fiber optic,1,0.84645855,Critical
6393-WRYZE,Month-to-month,34,97.65,Fiber optic,2,0.84633404,Critical
1254-IZEYF,Month-to-month,31,99.95,Fiber optic,3,0.84627664,Critical
5501-TVMGM,Month-to-month,1,55.25,DSL,1,0.84610915,Critical
3063-QFSZL,Month-to-month,1,55.4,DSL,1,0.84551185,Critical
8433-WXGNA,Month-to-month,2,75.7,Fiber optic,1,0.8454786,Critical
3317-HRTNN,Month-to-month,5,45.7,DSL,2,0.8453173,Critical
9250-WYPLL,Month-to-month,5,75.55,Fiber optic,0,0.8451487,Critical
8708-XPXHZ,Month-to-month,42,94.2,Fiber optic,2,0.8451051,Critical
2272-QAGFO,Month-to-month,14,74.3,Fiber optic,0,0.84473133,Critical
8835-VSDSE,Month-to-month,2,70.7,Fiber optic,0,0.8442679,Critical
9846-GKXAS,Month-to-month,9,90.8,Fiber optic,2,0.84378844,Critical
3030-YDNRM,Month-to-month,8,74.85,Fiber optic,0,0.8432079,Critical
6390-DSAZX,Month-to-month,1,73.6,Fiber optic,1,0.8431941,Critical
2249-YPRNG,Month-to-month,20,105.85,Fiber optic,4,0.8427043,Critical
6101-IMRMM,Month-to-month,6,94.5,Fiber optic,3,0.8424712,Critical
2672-HUYVI,Month-to-month,6,91.1,Fiber optic,2,0.84247065,Critical
4706-DGAHW,Month-to-month,1,45.2,DSL,0,0.842303,Critical
8080-DDEMJ,Month-to-month,1,45.1,DSL,0,0.842303,Critical
5429-LWCMV,Month-to-month,12,89.15,Fiber optic,2,0.8421625,Critical
1264-BYWMS,Month-to-month,55,96.8,Fiber optic,2,0.84199363,Critical
7394-FKDNK,Month-to-month,9,89.45,Fiber optic,2,0.8417832,Critical
7480-QNVZJ,Month-to-month,50,95.7,Fiber optic,2,0.84160215,Critical
1024-VRZHF,Month-to-month,11,74.95,Fiber optic,0,0.84145147,Critical
0928-JMXNP,Month-to-month,4,29.9,DSL,1,0.8410238,Critical
4433-JCGCG,Month-to-month,46,101.0,Fiber optic,3,0.8409159,Critical
7181-OQCUT,Month-to-month,21,103.85,Fiber optic,4,0.84090656,Critical
2919-HBCJO,Month-to-month,4,76.65,Fiber optic,1,0.84090257,Critical
2472-OVKUP,Month-to-month,6,91.0,Fiber optic,3,0.84082735,Critical
5442-UTCVD,Month-to-month,3,91.85,Fiber optic,2,0.8407891,Critical
6856-RAURS,Month-to-month,2,74.9,Fiber optic,0,0.8407188,Critical
3565-UNOCC,Month-to-month,29,99.05,Fiber optic,3,0.84066975,Critical
3855-ONCAR,Month-to-month,4,78.9,Fiber optic,1,0.84044695,Critical
7994-UYIVZ,Month-to-month,8,85.65,Fiber optic,1,0.84042716,Critical
4482-EWFMI,Month-to-month,2,69.7,Fiber optic,0,0.8401405,Critical
2959-MJHIC,Month-to-month,4,80.35,Fiber optic,1,0.84006965,Critical
6221-AVQYL,Month-to-month,2,73.25,Fiber optic,0,0.8400383,Critical
3957-LXOLK,Month-to-month,28,106.15,Fiber optic,4,0.839968,Critical
8519-IMDHU,Month-to-month,15,85.6,Fiber optic,1,0.83968997,Critical
7209-JCUDS,Month-to-month,10,94.9,Fiber optic,3,0.83959806,Critical
8648-PFRMP,Month-to-month,14,46.35,DSL,2,0.8395372,Critical
4184-TJFAN,Month-to-month,3,88.3,Fiber optic,3,0.83947486,Critical
3138-BKYAV,Month-to-month,6,85.35,Fiber optic,2,0.8392007,Critical
1010-DIAUQ,Month-to-month,5,96.5,Fiber optic,3,0.83895826,Critical
8242-SOQUO,Month-to-month,5,84.7,Fiber optic,2,0.83881944,Critical
2154-KVJFF,Month-to-month,15,79.75,Fiber optic,1,0.83862764,Critical
1960-UYCNN,Month-to-month,10,95.25,Fiber optic,3,0.8385738,Critical
3934-HXCFZ,Month-to-month,23,99.25,Fiber optic,4,0.83856213,Critical
6502-HCJTI,Month-to-month,7,94.7,Fiber optic,3,0.8381466,Critical
9734-UYXQI,Month-to-month,2,49.4,DSL,0,0.8380977,Critical
8481-YYXWG,Month-to-month,5,89.35,Fiber optic,3,0.8379693,Critical
5628-FCGYG,Month-to-month,21,84.1,Fiber optic,1,0.8379354,Critical
7881-EVUAD,Month-to-month,2,42.6,DSL,3,0.8378644,Critical
6402-ZFPPI,Month-to-month,25,102.8,Fiber optic,4,0.8378049,Critical
9658-WYUFB,Month-to-month,17,94.4,Fiber optic,3,0.8376473,Critical
5685-IIXLY,Month-to-month,5,83.6,Fiber optic,2,0.8376156,Critical
3254-YRILK,Month-to-month,19,88.2,Fiber optic,2,0.8375999,Critical
5385-SUIRI,Month-to-month,52,104.2,Fiber optic,4,0.83744293,Critical
5995-SNNEW,Month-to-month,23,104.45,Fiber optic,4,0.83731735,Critical
0508-OOLTO,Month-to-month,2,71.65,Fiber optic,0,0.83730954,Critical
7571-YXDAD,Month-to-month,2,74.9,Fiber optic,0,0.8368046,Critical
4317-VTEOA,Month-to-month,1,50.75,DSL,1,0.8364379,Critical
4822-NGOCH,Month-to-month,13,84.45,Fiber optic,2,0.83606124,Critical
3420-YJLQT,Month-to-month,2,79.55,Fiber optic,1,0.8359671,Critical
8313-NDOIA,Month-to-month,24,104.15,Fiber optic,4,0.83574075,Critical
8800-JOOCF,Month-to-month,12,84.05,Fiber optic,1,0.83569735,Critical
2057-ZBLPD,Month-to-month,21,86.5,Fiber optic,1,0.83556366,Critical
5244-IRFIH,Month-to-month,33,94.5,Fiber optic,2,0.8352869,Critical
5364-XYIRR,Month-to-month,51,94.65,Fiber optic,2,0.8349476,Critical
7044-YAACC,Month-to-month,4,70.2,Fiber optic,0,0.83491075,Critical
4277-PVRAN,Month-to-month,8,80.1,Fiber optic,1,0.8348856,Critical
4633-MKHYU,Month-to-month,9,88.4,Fiber optic,2,0.8345986,Critical
1195-OIYEJ,Month-to-month,13,91.1,Fiber optic,2,0.8343676,Critical
5712-PTIWW,Month-to-month,2,79.85,Fiber optic,2,0.8342482,Critical
2027-FECZV,Month-to-month,12,106.7,Fiber optic,4,0.83412665,Critical
0168-XZKBB,Month-to-month,19,86.85,Fiber optic,1,0.8339188,Critical
4585-HETAI,Month-to-month,4,73.75,Fiber optic,1,0.8339079,Critical
9174-FKWZE,Month-to-month,1,19.45,No,0,0.833881,Critical
5649-ANRML,Month-to-month,2,95.1,Fiber optic,4,0.8336774,Critical
1024-GUALD,Month-to-month,1,24.8,DSL,0,0.8336646,Critical
7379-POKDZ,Month-to-month,3,70.3,Fiber optic,0,0.83344764,Critical
9741-YLNTD,Month-to-month,6,87.95,Fiber optic,2,0.8332507,Critical
9102-IAYHT,Month-to-month,17,85.45,Fiber optic,1,0.8330108,Critical
5842-POCOP,Month-to-month,5,88.9,Fiber optic,3,0.83276725,Critical
4351-QLCSU,Month-to-month,1,55.0,DSL,1,0.832659,Critical
1465-VINDH,Month-to-month,10,102.1,Fiber optic,4,0.83260125,Critical
0135-NMXAP,Month-to-month,12,89.75,Fiber optic,2,0.8324835,Critical
3908-BLSYF,Month-to-month,6,83.9,Fiber optic,2,0.8320249,Critical
3672-YITQD,Month-to-month,36,84.1,Fiber optic,1,0.8320085,Critical
7861-UVUFT,Month-to-month,15,84.3,Fiber optic,2,0.8318902,Critical
8903-XEBGX,Month-to-month,2,55.3,DSL,1,0.83170664,Critical
3199-XGZCY,Month-to-month,8,75.25,Fiber optic,0,0.831575,Critical
3370-HXOPH,Month-to-month,3,76.1,Fiber optic,0,0.8315464,Critical
6298-QDFNH,Month-to-month,22,79.35,Fiber optic,1,0.83143485,Critical
4115-NZRKS,Month-to-month,7,89.15,Fiber optic,2,0.8313698,Critical
7240-ETPTR,Month-to-month,9,48.75,DSL,3,0.83136374,Critical
4349-GFQHK,Month-to-month,1,54.35,DSL,1,0.831292,Critical
8225-BTJAU,Month-to-month,10,79.25,Fiber optic,1,0.831134,Critical
7590-VHVEG,Month-to-month,1,29.85,DSL,1,0.83106714,Critical
2369-UAPKZ,Month-to-month,5,104.1,Fiber optic,4,0.830975,Critical
2832-KJCRD,Month-to-month,38,103.65,Fiber optic,4,0.8309741,Critical
8844-TONUD,Month-to-month,13,96.65,Fiber optic,3,0.8302349,Critical
4550-VBOFE,Month-to-month,70,102.95,Fiber optic,4,0.83012944,Critical
8010-EZLOU,Month-to-month,15,80.2,Fiber optic,1,0.83012086,Critical
2055-PDADH,Month-to-month,3,70.4,Fiber optic,0,0.8299406,Critical
5233-GEEAX,Month-to-month,8,29.4,DSL,1,0.82962376,Critical
9420-LOJKX,Month-to-month,15,99.1,Fiber optic,4,0.8294555,Critical
7615-ESMYF,Month-to-month,2,44.6,DSL,2,0.82928556,Critical
7394-LWLYN,Month-to-month,2,70.15,Fiber optic,0,0.8292013,Critical
4559-UWIHT,Month-to-month,14,82.65,Fiber optic,2,0.8289877,Critical
6959-UWKHF,Month-to-month,1,42.9,DSL,0,0.8289238,Critical
4706-AXVKM,Month-to-month,11,84.8,Fiber optic,1,0.8283721,Critical
8699-ASUFO,Month-to-month,7,74.4,Fiber optic,0,0.828273,Critical
4237-RLAQD,Month-to-month,1,45.85,DSL,0,0.8281479,Critical
5133-POWUA,Month-to-month,1,45.8,DSL,0,0.8281479,Critical
0455-XFASS,Month-to-month,3,69.55,Fiber optic,0,0.82783496,Critical
7240-FQLHE,Month-to-month,18,99.75,Fiber optic,3,0.8277986,Critical
6198-ZFIOJ,Month-to-month,5,75.6,Fiber optic,0,0.82779735,Critical
1963-SVUCV,Month-to-month,1,45.3,DSL,0,0.82764995,Critical
5552-ZNFSJ,Month-to-month,1,45.3,DSL,0,0.82764995,Critical
6100-QQHEB,Month-to-month,17,92.55,Fiber optic,2,0.8275756,Critical
9121-PHQSR,Month-to-month,16,85.05,Fiber optic,1,0.82724136,Critical
6235-VDHOM,Month-to-month,5,28.45,DSL,1,0.8271092,Critical
9279-CJEOJ,Month-to-month,21,95.4,Fiber optic,2,0.826849,Critical
0612-RTZZA,Month-to-month,1,25.25,DSL,0,0.82683855,Critical
2430-USGXP,Month-to-month,24,101.05,Fiber optic,3,0.8267378,Critical
5940-NFXKV,Month-to-month,19,83.65,Fiber optic,1,0.82650596,Critical
8784-CGILN,Month-to-month,18,99.85,Fiber optic,3,0.82640165,Critical
7802-EFKNY,Month-to-month,5,24.95,DSL,0,0.8263008,Critical
4385-GZQXV,Month-to-month,16,94.45,Fiber optic,3,0.8262772,Critical
7912-SYRQT,Month-to-month,7,75.1,Fiber optic,0,0.8262556,Critical
8276-MQBYC,Month-to-month,51,97.8,Fiber optic,3,0.82621694,Critical
4124-MMETB,Month-to-month,22,94.65,Fiber optic,2,0.8260827,Critical
3750-CKVKH,Month-to-month,2,67.75,Fiber optic,0,0.8257407,Critical
0939-YAPAF,Month-to-month,35,100.25,Fiber optic,3,0.825647,Critical
9237-HQITU,Month-to-month,2,70.7,Fiber optic,0,0.8256213,Critical
6338-AVWCY,Month-to-month,3,40.15,DSL,2,0.82493806,Critical
3566-HJGPK,Month-to-month,1,45.55,DSL,0,0.8249324,Critical
9117-SHLZX,Month-to-month,1,45.7,DSL,0,0.8249324,Critical
0887-HJGAR,Month-to-month,1,45.7,DSL,0,0.8249324,Critical
7137-RYLPP,Month-to-month,37,85.7,Fiber optic,1,0.82487416,Critical
0946-CLJTI,Month-to-month,58,98.7,Fiber optic,3,0.82486385,Critical
6786-OBWQR,Month-to-month,5,80.85,Fiber optic,1,0.82458687,Critical
4283-FUTGF,Month-to-month,19,79.85,Fiber optic,1,0.82446647,Critical
2845-HSJCY,Month-to-month,14,87.25,Fiber optic,2,0.8243294,Critical
0018-NYROU,Month-to-month,5,68.95,Fiber optic,0,0.8242961,Critical
0952-KMEEH,Month-to-month,13,98.15,Fiber optic,3,0.82417667,Critical
7825-ECJRF,Month-to-month,19,106.6,Fiber optic,5,0.82382697,Critical
6467-CHFZW,Month-to-month,47,99.35,Fiber optic,3,0.8236904,Critical
6077-BDPXA,Month-to-month,3,70.15,Fiber optic,0,0.82365555,Critical
7245-NIIWQ,Month-to-month,3,69.85,Fiber optic,0,0.82365555,Critical
8949-JTMAY,Month-to-month,29,98.6,Fiber optic,3,0.8236118,Critical
0872-NXJYS,Month-to-month,9,79.55,Fiber optic,1,0.823502,Critical
2799-ARNLO,Month-to-month,5,69.35,Fiber optic,0,0.8232456,Critical
2754-VDLTR,Month-to-month,10,95.2,Fiber optic,2,0.8231004,Critical
9050-IKDZA,Month-to-month,2,81.5,Fiber optic,1,0.8230947,Critical
9408-SSNVZ,Month-to-month,4,70.15,Fiber optic,0,0.8229105,Critical
0094-OIFMO,Month-to-month,11,95.0,Fiber optic,3,0.822838,Critical
8938-UMKPI,Month-to-month,47,106.4,Fiber optic,4,0.8225832,Critical
7402-EYFXX,Month-to-month,26,93.6,Fiber optic,2,0.82253945,Critical
8413-VONUO,Month-to-month,2,95.65,Fiber optic,3,0.8225174,Critical
0674-EYYZV,Month-to-month,1,54.65,DSL,1,0.821929,Critical
7321-VGNKU,Month-to-month,2,70.35,Fiber optic,0,0.821794,Critical
5339-PXDVH,Month-to-month,4,90.65,Fiber optic,2,0.8214014,Critical
9643-AVVWI,Month-to-month,3,80.0,Fiber optic,2,0.8212787,Critical
1612-EOHDH,Month-to-month,1,45.15,DSL,0,0.8212745,Critical
2897-DOVND,Month-to-month,2,69.8,Fiber optic,0,0.82115465,Critical
2103-ZRXFN,Month-to-month,1,50.75,DSL,0,0.8211078,Critical
3165-HDOEW,Month-to-month,1,45.85,DSL,0,0.8210181,Critical
1078-TDCRN,Month-to-month,3,30.75,DSL,1,0.82082635,Critical
5934-RMPOV,Month-to-month,22,84.75,Fiber optic,1,0.8207513,Critical
3992-YWPKO,Month-to-month,6,109.9,Fiber optic,5,0.8206708,Critical
5609-CEBID,Month-to-month,20,94.1,Fiber optic,3,0.82058287,Critical
4547-KQRTM,Month-to-month,10,80.05,Fiber optic,1,0.8203733,Critical
7028-DVOIQ,Month-to-month,35,99.05,Fiber optic,3,0.82022274,Critical
8739-WWKDU,Month-to-month,25,89.5,Fiber optic,2,0.82012457,Critical
2809-ZMYOQ,Month-to-month,32,101.35,Fiber optic,3,0.8201204,Critical
4342-HENTK,Month-to-month,2,70.65,Fiber optic,0,0.82009035,Critical
5366-IJEQJ,Month-to-month,20,88.7,Fiber optic,2,0.82004637,Critical
4193-ORFCL,Month-to-month,1,45.1,DSL,0,0.81979746,Critical
4971-PUYQO,Month-to-month,27,94.55,Fiber optic,2,0.8195374,Critical
4816-JBHOV,Month-to-month,2,44.7,DSL,0,0.8194048,Critical
3751-KTZEL,Month-to-month,1,35.05,DSL,1,0.8192356,Critical
0727-IWKVK,Month-to-month,9,79.9,Fiber optic,2,0.8190521,Critical
3318-OSATS,Month-to-month,35,95.45,Fiber optic,2,0.818374,Critical
1565-RHDJD,Month-to-month,4,84.05,Fiber optic,2,0.8182404,Critical
1589-AGTLK,Month-to-month,3,45.35,DSL,0,0.8181238,Critical
2371-JQHZZ,Month-to-month,24,93.0,Fiber optic,2,0.81806415,Critical
9801-GDWGV,Month-to-month,39,103.45,Fiber optic,4,0.8176981,Critical
8861-HGGKB,Month-to-month,10,86.45,Fiber optic,1,0.8176551,Critical
2260-USTRB,Month-to-month,2,70.2,Fiber optic,0,0.8176317,Critical
3744-ZRRDZ,Month-to-month,21,82.35,Fiber optic,1,0.8173702,Critical
2034-CGRHZ,Month-to-month,24,102.95,Fiber optic,4,0.81716305,Critical
3329-WDIOK,Month-to-month,3,50.6,DSL,3,0.81712925,Critical
6543-XRMYR,Month-to-month,30,99.7,Fiber optic,3,0.8168438,Critical
9490-DFPMD,Month-to-month,42,84.65,Fiber optic,1,0.81672555,Critical
0067-DKWBL,Month-to-month,2,49.25,DSL,1,0.816715,Critical
5515-AKOAJ,Month-to-month,54,100.1,Fiber optic,3,0.8167127,Critical
6212-ATMLK,Month-to-month,50,95.7,Fiber optic,2,0.8162551,Critical
9763-PDTKK,Month-to-month,4,94.4,Fiber optic,4,0.81621987,Critical
0685-MLYYM,Month-to-month,2,70.75,Fiber optic,0,0.81613266,Critical
0772-GYEQQ,Month-to-month,3,88.35,Fiber optic,3,0.8161313,Critical
6048-QBXKL,Month-to-month,2,56.55,DSL,1,0.8157305,Critical
8922-LIEGH,Month-to-month,25,89.7,Fiber optic,2,0.8155825,Critical
4817-QRJSX,Month-to-month,10,81.0,Fiber optic,1,0.8151982,Critical
7517-LDMPS,Month-to-month,12,84.6,Fiber optic,2,0.81506294,Critical
8610-WFCJF,Month-to-month,49,95.6,Fiber optic,2,0.814937,Critical
3926-CUQZX,Month-to-month,1,45.1,DSL,0,0.81490165,Critical
5959-BELXA,Month-to-month,32,96.15,Fiber optic,2,0.81471074,Critical
4598-XLKNJ,Month-to-month,25,98.5,Fiber optic,4,0.81456214,Critical
1891-UAWWU,Month-to-month,20,90.8,Fiber optic,2,0.8143483,Critical
4009-ALQFH,Month-to-month,25,99.5,Fiber optic,4,0.81418586,Critical
2688-BHGOG,Month-to-month,9,79.55,Fiber optic,1,0.81413585,Critical
0411-EZJZE,Month-to-month,3,60.25,DSL,1,0.8141209,Critical
4822-YCXMX,Month-to-month,25,84.8,Fiber optic,1,0.8135735,Critical
5019-GQVCR,Month-to-month,43,84.85,Fiber optic,1,0.81349057,Critical
6689-TCZHQ,Month-to-month,5,78.95,Fiber optic,1,0.8132547,Critical
0875-CABNR,Month-to-month,10,84.6,Fiber optic,2,0.81298316,Critical
8999-BOHSE,Month-to-month,11,89.7,Fiber optic,2,0.81282246,Critical
8063-GBATB,Month-to-month,27,85.25,Fiber optic,1,0.8126333,Critical
4770-UEZOX,Month-to-month,2,74.75,Fiber optic,1,0.8125849,Critical
6519-CFDBX,Month-to-month,2,45.4,DSL,0,0.8121335,Critical
8107-KNCIM,Month-to-month,14,75.1,Fiber optic,0,0.81207657,Critical
3186-BAXNB,Month-to-month,1,91.7,Fiber optic,3,0.81200683,Critical
5868-CZJDR,Month-to-month,1,31.35,DSL,1,0.81199837,Critical
5047-LHVLY,Month-to-month,1,50.15,DSL,1,0.81182396,Critical
9717-QEBGU,Month-to-month,2,70.3,Fiber optic,0,0.8117327,Critical
1751-NCDLI,Month-to-month,46,98.85,Fiber optic,3,0.81166005,Critical
5692-FPTAH,Month-to-month,1,45.4,DSL,0,0.8110539,Critical
2275-RBYQS,Month-to-month,1,45.4,DSL,0,0.8110539,Critical
6651-AZVTJ,Month-to-month,49,99.8,Fiber optic,3,0.8110035,Critical
9822-OAOVB,Month-to-month,1,55.45,DSL,1,0.8105305,Critical
6583-KQJLK,Month-to-month,15,94.65,Fiber optic,3,0.81049156,Critical
3223-WZWJM,Month-to-month,26,83.95,Fiber optic,1,0.81017303,Critical
2983-ZANRP,Month-to-month,2,73.55,Fiber optic,1,0.8101504,Critical
2058-DCJBE,Month-to-month,5,69.75,Fiber optic,0,0.8100566,Critical
2235-DWLJU,Month-to-month,6,44.4,DSL,2,0.8098303,Critical
1867-BDVFH,Month-to-month,11,74.35,Fiber optic,0,0.8097821,Critical
0148-DCDOS,Month-to-month,25,94.7,Fiber optic,2,0.8097316,Critical
2632-UCGVD,Month-to-month,66,100.05,Fiber optic,3,0.8095085,Critical
0447-RXSGD,Month-to-month,24,99.65,Fiber optic,3,0.80948937,Critical
7426-RHZGU,Month-to-month,9,95.9,Fiber optic,3,0.8094429,Critical
9415-DPEWS,Month-to-month,18,88.35,Fiber optic,2,0.8094148,Critical
6175-IRFIT,Month-to-month,5,78.75,Fiber optic,1,0.80913794,Critical
4631-OACRM,Month-to-month,15,79.4,Fiber optic,1,0.80908674,Critical
8734-DKSTZ,Month-to-month,10,85.95,Fiber optic,1,0.8090318,Critical
8818-DOPVL,Month-to-month,46,104.45,Fiber optic,4,0.8086208,Critical
3754-DXMRT,Month-to-month,2,44.15,DSL,0,0.80845374,Critical
5449-FIBXJ,Month-to-month,19,103.3,Fiber optic,4,0.80804574,Critical
9637-EIHEQ,Month-to-month,1,50.8,DSL,1,0.8079553,Critical
9921-ZVRHG,Month-to-month,14,80.45,Fiber optic,1,0.80793154,Critical
3858-VOBET,Month-to-month,23,74.95,Fiber optic,0,0.8079014,Critical
8325-QRPZR,Month-to-month,7,75.15,Fiber optic,1,0.8076724,Critical
7065-YUNRY,Month-to-month,1,45.3,DSL,0,0.80731887,Critical
9547-ITEFG,Month-to-month,9,102.6,Fiber optic,4,0.80714494,Critical
7881-INRLC,Month-to-month,45,100.85,Fiber optic,3,0.807016,Critical
2575-GFSOE,Month-to-month,7,69.0,Fiber optic,0,0.80682045,Critical
0480-BIXDE,Month-to-month,19,96.8,Fiber optic,3,0.8066346,Critical
5747-PMBSQ,Month-to-month,10,92.5,Fiber optic,4,0.8065732,Critical
4059-IIEBK,Month-to-month,7,78.55,Fiber optic,1,0.8065432,Critical
7321-PKUYW,Month-to-month,11,90.15,Fiber optic,2,0.8064715,Critical
2568-BRGYX,Month-to-month,4,70.2,Fiber optic,0,0.8064613,Critical
7823-JSOAG,Month-to-month,3,74.5,Fiber optic,0,0.80646086,Critical
7586-ZATGZ,Month-to-month,40,84.9,Fiber optic,1,0.8063126,Critical
8111-RKSPX,Month-to-month,4,72.2,Fiber optic,0,0.80625814,Critical
8266-VBFQL,Month-to-month,4,90.4,Fiber optic,3,0.80607,Critical
7029-RPUAV,Month-to-month,17,100.45,Fiber optic,3,0.8058083,Critical
3074-GQWYX,Month-to-month,5,75.9,Fiber optic,0,0.8057572,Critical
6000-APYLU,Month-to-month,9,80.8,Fiber optic,1,0.80571723,Critical
5696-QURRL,Month-to-month,1,45.05,DSL,0,0.80506295,Critical
8063-RJYNF,Month-to-month,16,94.25,Fiber optic,3,0.80477715,Critical
5442-BHQNG,Month-to-month,2,70.35,Fiber optic,0,0.8047488,Critical
5219-YIPTK,Month-to-month,33,104.4,Fiber optic,4,0.80453235,Critical
0947-IDHRQ,Month-to-month,7,80.3,Fiber optic,1,0.80407,Critical
9095-HFAFX,Month-to-month,5,81.0,Fiber optic,1,0.8039769,Critical
4803-AXVYP,Month-to-month,38,99.55,Fiber optic,3,0.80395114,Critical
0004-TLHLJ,Month-to-month,4,73.9,Fiber optic,1,0.8039354,Critical
7892-POOKP,Month-to-month,28,104.8,Fiber optic,4,0.8037588,Critical
2357-COQEK,Month-to-month,28,103.3,Fiber optic,4,0.8036823,Critical
2080-CAZNM,Month-to-month,41,104.4,Fiber optic,4,0.80353683,Critical
9606-PBKBQ,Month-to-month,32,85.0,Fiber optic,1,0.80345994,Critical
5914-DVBWJ,Month-to-month,18,85.45,Fiber optic,2,0.80325997,Critical
7242-QZLXF,Month-to-month,1,25.3,DSL,0,0.8032107,Critical
5399-ZIMKF,Month-to-month,5,74.65,Fiber optic,1,0.80317175,Critical
2685-SREOM,Month-to-month,25,89.1,Fiber optic,2,0.8031293,Critical
9391-EOYLI,Month-to-month,12,80.45,Fiber optic,1,0.80299824,Critical
4062-HBMOS,Month-to-month,52,103.05,Fiber optic,4,0.8029369,Critical
5482-PLVPE,Month-to-month,2,24.35,DSL,0,0.8027855,Critical
0988-JRWWP,Month-to-month,3,54.2,DSL,1,0.80259305,Critical
6352-TWCAU,Month-to-month,35,86.45,Fiber optic,1,0.8023933,Critical
3411-WLRSQ,Month-to-month,3,74.6,Fiber optic,1,0.8022476,Critical
6047-YHPVI,Month-to-month,5,69.7,Fiber optic,0,0.8021233,Critical
3663-MITLP,Month-to-month,15,101.25,Fiber optic,4,0.80204594,Critical
6595-YGXIT,Month-to-month,25,88.95,Fiber optic,2,0.8019261,Critical
8183-ONMXC,Month-to-month,2,80.75,Fiber optic,1,0.8018421,Critical
6376-GAHQE,Month-to-month,4,77.85,Fiber optic,1,0.80134183,Critical
9367-WXLCH,Month-to-month,8,84.5,Fiber optic,1,0.80106294,Critical
3904-UKFRE,Month-to-month,4,80.1,Fiber optic,1,0.80090946,Critical
1907-UBQFC,Month-to-month,10,72.85,Fiber optic,1,0.80090016,Critical
3488-PGMQJ,Month-to-month,8,74.5,Fiber optic,1,0.8005431,Critical
7145-FEJWU,Month-to-month,12,105.3,Fiber optic,4,0.8005298,Critical
9692-TUSXH,Month-to-month,18,96.05,Fiber optic,3,0.8004735,Critical
2740-TVLFN,Month-to-month,1,50.15,DSL,0,0.8002684,Critical
6400-BWQKW,Month-to-month,6,79.05,Fiber optic,1,0.80018675,Critical
4572-DVCGN,Month-to-month,10,80.25,Fiber optic,1,0.7998429,Critical
2984-AFWNC,Month-to-month,3,95.4,Fiber optic,3,0.799754,Critical
2626-URJFX,Month-to-month,4,50.9,DSL,0,0.79940945,Critical
9253-QXKBE,Month-to-month,29,94.45,Fiber optic,2,0.7993159,Critical
0302-JOIVN,Month-to-month,8,101.15,Fiber optic,4,0.79919004,Critical
8485-GJCDN,Month-to-month,5,69.05,Fiber optic,0,0.7991834,Critical
2800-QQUSO,Month-to-month,42,100.3,Fiber optic,3,0.7990336,Critical
0895-DQHEW,Month-to-month,54,104.3,Fiber optic,4,0.79892826,Critical
8642-GVWRF,Month-to-month,2,79.7,Fiber optic,2,0.79881126,Critical
8280-MQRQN,Month-to-month,1,50.45,DSL,1,0.79874045,Critical
7326-RIGQZ,Month-to-month,6,69.8,Fiber optic,0,0.7984959,Critical
7801-KICAO,Month-to-month,18,74.15,Fiber optic,0,0.7981991,Critical
2362-IBOOY,Month-to-month,36,84.75,Fiber optic,1,0.798097,Critical
8650-RHRKE,Month-to-month,4,29.65,DSL,1,0.7979695,Critical
6128-AQBMT,Month-to-month,41,53.95,DSL,4,0.79791665,Critical
9889-TMAHG,Month-to-month,8,100.3,Fiber optic,4,0.7978271,Critical
0689-NKYLF,Month-to-month,13,83.2,Fiber optic,2,0.79781014,Critical
3990-QYKBE,Month-to-month,37,92.5,Fiber optic,2,0.7976174,Critical
8290-YWKHZ,Month-to-month,32,93.2,Fiber optic,2,0.79724276,Critical
7598-UAASY,Month-to-month,2,76.4,Fiber optic,1,0.79688525,Critical
6907-NZZIJ,Month-to-month,36,99.15,Fiber optic,3,0.79680127,Critical
1112-CUNAO,Month-to-month,15,89.85,Fiber optic,2,0.79676205,Critical
9907-SWKKF,Month-to-month,1,25.05,DSL,0,0.7967369,Critical
5261-QSHQM,Month-to-month,4,24.45,DSL,0,0.7955635,Critical
4855-SNKMY,Month-to-month,1,44.1,DSL,0,0.79531807,Critical
9090-SGQXL,Month-to-month,68,105.3,Fiber optic,4,0.7951683,Critical
5923-GXUOC,Month-to-month,10,104.4,Fiber optic,5,0.7951081,Critical
9524-EGPJC,Month-to-month,18,90.1,Fiber optic,2,0.79493463,Critical
2862-PFNIK,Month-to-month,1,24.7,DSL,0,0.7946471,Critical
7270-BDIOA,Month-to-month,22,90.0,Fiber optic,2,0.79372656,Critical
3292-PBZEJ,Month-to-month,11,111.4,Fiber optic,5,0.793245,Critical
1918-ZBFQJ,Month-to-month,13,79.25,Fiber optic,2,0.7931835,Critical
2397-BRLOM,Month-to-month,8,80.45,Fiber optic,1,0.7929669,Critical
4030-VPZBD,Month-to-month,2,30.9,DSL,1,0.7929651,Critical
2868-SNELZ,Month-to-month,2,80.6,Fiber optic,1,0.79292524,Critical
3427-GGZZI,Month-to-month,19,89.1,Fiber optic,2,0.7928979,Critical
3550-SAHFP,Month-to-month,33,83.35,Fiber optic,1,0.79278064,Critical
3999-QGRJH,Month-to-month,8,69.7,Fiber optic,0,0.7924,Critical
1077-HUUJM,Month-to-month,7,71.05,Fiber optic,0,0.7923687,Critical
3197-ARFOY,Month-to-month,19,105.0,Fiber optic,5,0.79221946,Critical
9799-CAYJJ,Month-to-month,2,69.3,Fiber optic,0,0.7918349,Critical
2386-LAHRK,Month-to-month,1,53.5,DSL,1,0.79163206,Critical
3143-JQEGI,Month-to-month,13,88.35,Fiber optic,2,0.79161566,Critical
1251-STYSZ,Month-to-month,4,80.25,Fiber optic,1,0.79157615,Critical
0940-OUQEC,Month-to-month,10,80.7,Fiber optic,1,0.7913183,Critical
3096-JRDSO,Month-to-month,27,104.3,Fiber optic,4,0.7912195,Critical
8356-WUAOJ,Month-to-month,1,45.0,DSL,0,0.7906308,Critical
9601-BRXPO,Month-to-month,25,104.95,Fiber optic,4,0.79054624,Critical
8436-BJUMM,Month-to-month,26,83.75,Fiber optic,1,0.79042023,Critical
9239-ZBZZV,Month-to-month,6,47.95,DSL,3,0.790031,Critical
1771-OADNZ,Month-to-month,29,95.9,Fiber optic,3,0.7900132,Critical
9560-ARGQJ,Month-to-month,16,81.0,Fiber optic,1,0.7897334,Critical
0147-ESWWR,Month-to-month,39,101.25,Fiber optic,3,0.78961134,Critical
8364-TRMMK,Month-to-month,3,50.65,DSL,0,0.7895151,Critical
2424-WVHPL,Month-to-month,1,74.7,Fiber optic,1,0.7893697,Critical
2408-WITXK,Month-to-month,10,34.7,DSL,1,0.78920275,Critical
0923-PNFUB,Month-to-month,3,83.75,Fiber optic,2,0.7889895,Critical
9054-FOWNV,Month-to-month,22,88.75,Fiber optic,2,0.78865504,Critical
2860-RANUS,Month-to-month,20,85.8,Fiber optic,1,0.7886161,Critical
3518-PZXZQ,Month-to-month,1,55.3,DSL,1,0.788233,Critical
0491-KAPQG,Month-to-month,21,73.7,Fiber optic,0,0.7882281,Critical
5027-QPKTE,Month-to-month,7,69.35,Fiber optic,0,0.78804964,Critical
2344-JMOGN,Month-to-month,9,94.85,Fiber optic,4,0.7879565,Critical
3951-NJCVI,Month-to-month,42,95.05,Fiber optic,2,0.78782046,Critical
2107-FBPTK,Month-to-month,30,104.1,Fiber optic,4,0.78758454,Critical
4749-OJKQU,Month-to-month,4,75.65,Fiber optic,0,0.78753334,Critical
0196-JTUQI,Month-to-month,9,75.2,Fiber optic,0,0.7874304,Critical
4659-NZRUF,Month-to-month,19,95.15,Fiber optic,3,0.78740335,Critical
2979-SXESE,Month-to-month,17,94.4,Fiber optic,3,0.7872651,Critical
5928-QLDHB,Month-to-month,9,76.25,Fiber optic,0,0.7872565,Critical
7593-XFKDI,Month-to-month,1,46.3,DSL,0,0.7870554,Critical
2608-BHKFN,Month-to-month,4,70.05,Fiber optic,0,0.78705424,Critical
0320-JDNQG,Month-to-month,23,99.85,Fiber optic,4,0.78689367,Critical
0362-ZBZWJ,Month-to-month,36,84.9,Fiber optic,1,0.78672683,Critical
0524-IAVZO,Month-to-month,30,85.0,Fiber optic,1,0.78671414,Critical
4301-VVZKA,Month-to-month,16,75.4,Fiber optic,0,0.78647584,Critical
4897-QSUYC,Month-to-month,1,20.15,No,0,0.786076,Critical
4629-NRXKX,Month-to-month,2,70.4,Fiber optic,0,0.7860063,Critical
3536-IQCTX,Month-to-month,32,85.3,Fiber optic,1,0.7858634,Critical
5117-IFGPS,Month-to-month,29,84.3,Fiber optic,1,0.7855731,Critical
5216-WASFJ,Month-to-month,31,84.85,Fiber optic,1,0.7855456,Critical
0324-BRPCJ,Month-to-month,68,100.2,Fiber optic,3,0.78520167,Critical
9752-ZNQUT,Month-to-month,1,48.6,DSL,1,0.7850302,Critical
3946-MHCZW,Month-to-month,1,50.9,DSL,1,0.7849357,Critical
4929-BSTRX,Month-to-month,1,53.55,DSL,1,0.78480285,Critical
3891-PUQOD,Month-to-month,1,59.2,DSL,2,0.78449976,Critical
6319-IEJWJ,Month-to-month,20,90.2,Fiber optic,2,0.784398,Critical
4678-DVQEO,Month-to-month,1,52.2,DSL,1,0.7843236,Critical
4325-NFSKC,Month-to-month,19,90.6,Fiber optic,2,0.7840665,Critical
5832-XKAES,Month-to-month,2,69.8,Fiber optic,0,0.7839743,Critical
7198-GLXTC,Month-to-month,2,79.0,Fiber optic,1,0.78351706,Critical
0248-IPDFW,Month-to-month,1,50.1,DSL,0,0.78344595,Critical
6339-YPSAH,Month-to-month,9,73.8,Fiber optic,1,0.78311884,Critical
1196-AMORA,Month-to-month,7,73.6,Fiber optic,0,0.7829246,Critical
7354-OIJLX,Month-to-month,9,75.85,Fiber optic,0,0.78283894,Critical
5701-YVSVF,Month-to-month,11,82.9,Fiber optic,2,0.78272444,Critical
1508-DFXCU,Month-to-month,12,81.45,Fiber optic,1,0.7827207,Critical
5520-FVEWJ,Month-to-month,12,84.5,Fiber optic,2,0.7826699,Critical
9629-NHXFW,Month-to-month,1,19.4,No,0,0.78256214,Critical
5502-RLUYV,Month-to-month,69,103.95,Fiber optic,4,0.78253496,Critical
8637-XJIVR,Month-to-month,12,78.95,Fiber optic,1,0.7824895,Critical
9494-MRNYX,Month-to-month,10,75.05,Fiber optic,0,0.7822837,Critical
2959-FENLU,Month-to-month,9,85.3,Fiber optic,2,0.78222287,Critical
2722-JMONI,Month-to-month,1,49.55,DSL,1,0.782111,Critical
4958-XCBDQ,Month-to-month,35,101.4,Fiber optic,3,0.7820332,Critical
9696-RMYBA,Month-to-month,5,80.1,Fiber optic,1,0.78189665,Critical
6168-WFVVF,Month-to-month,3,70.3,Fiber optic,0,0.78181285,Critical
4741-WWJQZ,Month-to-month,2,80.15,Fiber optic,2,0.78169745,Critical
6918-UMQCG,Month-to-month,5,80.2,Fiber optic,1,0.7812487,Critical
8676-TRMJS,Month-to-month,3,75.0,Fiber optic,0,0.7812008,Critical
8873-GLDMH,Month-to-month,6,73.85,Fiber optic,0,0.78114307,Critical
2962-XPMCQ,Month-to-month,2,45.15,DSL,0,0.7808325,Critical
6496-JDSSB,Month-to-month,8,80.0,Fiber optic,1,0.78074044,Critical
8854-CCVSQ,Month-to-month,18,80.65,Fiber optic,1,0.7806408,Critical
1866-OBPNR,Month-to-month,1,74.6,Fiber optic,1,0.7805386,Critical
2656-FMOKZ,Month-to-month,15,74.45,Fiber optic,0,0.7805066,Critical
6198-RTPMF,Month-to-month,17,92.6,Fiber optic,2,0.7804862,Critical
7054-LGEQW,Month-to-month,1,45.95,DSL,0,0.7803204,Critical
4039-HEUNW,Month-to-month,36,96.5,Fiber optic,3,0.78015804,Critical
4910-AQFFX,Month-to-month,9,79.35,Fiber optic,1,0.7795098,Critical
4484-GLZOU,Month-to-month,52,105.05,Fiber optic,4,0.7793517,Critical
3703-VAVCL,Month-to-month,2,90.0,Fiber optic,3,0.7793332,Critical
5405-ZMYXQ,Month-to-month,8,74.6,Fiber optic,0,0.7792705,Critical
0644-OQMDK,Month-to-month,4,70.65,Fiber optic,0,0.77888757,Critical
4521-YEEHE,Month-to-month,18,88.85,Fiber optic,2,0.7788035,Critical
3346-BRMIS,Month-to-month,18,48.35,DSL,3,0.7787408,Critical
2800-VEQXM,Month-to-month,3,74.75,Fiber optic,1,0.7787097,Critical
2665-NPTGL,Month-to-month,26,98.1,Fiber optic,3,0.7781692,Critical
8128-YVJRG,Month-to-month,7,79.65,Fiber optic,1,0.7779823,Critical
4566-NECEV,Month-to-month,5,96.55,Fiber optic,3,0.7775489,Critical
3005-NFMTA,Month-to-month,55,98.8,Fiber optic,3,0.77754617,Critical
1833-TCXKK,Month-to-month,45,107.75,Fiber optic,4,0.7773453,Critical
4983-CCWMC,Month-to-month,3,69.6,Fiber optic,0,0.77682596,Critical
6379-RXJRQ,Month-to-month,10,70.1,Fiber optic,0,0.77676374,Critical
2207-NHRJK,Month-to-month,1,50.8,DSL,1,0.7764891,Critical
4484-CGXFK,Month-to-month,3,55.3,DSL,1,0.7764098,Critical
4299-SIMNS,Month-to-month,9,81.15,Fiber optic,1,0.7763931,Critical
4373-MAVJG,Month-to-month,14,90.9,Fiber optic,2,0.7762559,Critical
5208-HFSBT,Month-to-month,2,55.05,DSL,2,0.7758754,Critical
6347-DCUIK,Month-to-month,10,74.15,Fiber optic,0,0.7757552,Critical
2468-SJFLM,Month-to-month,1,74.3,Fiber optic,1,0.77569,Critical
7928-VJYAB,Month-to-month,11,90.6,Fiber optic,2,0.77562314,Critical
4373-VVHQL,Month-to-month,1,44.75,DSL,0,0.775141,Critical
8705-WZCYL,Month-to-month,1,44.8,DSL,0,0.775141,Critical
3669-OYSJI,Month-to-month,1,46.2,DSL,0,0.7751203,Critical
1636-NTNCO,Month-to-month,4,50.95,DSL,3,0.77482533,Critical
0280-XJGEX,Month-to-month,49,103.7,Fiber optic,4,0.7747309,Critical
6993-OHLXR,Month-to-month,2,68.95,Fiber optic,0,0.77454036,Critical
3932-IJWDZ,Month-to-month,45,103.65,Fiber optic,4,0.77448076,Critical
0125-LZQXK,Month-to-month,15,101.35,Fiber optic,4,0.7742406,Critical
1794-HBQTJ,Month-to-month,1,48.6,DSL,1,0.7742339,Critical
4817-VYYWS,Month-to-month,30,100.2,Fiber optic,3,0.77411485,Critical
0093-XWZFY,Month-to-month,40,104.5,Fiber optic,4,0.774079,Critical
7734-DBOAI,Month-to-month,1,40.1,DSL,2,0.7740627,Critical
5364-EVNIB,Month-to-month,13,79.8,Fiber optic,2,0.7740388,Critical
5103-MHMHY,Month-to-month,1,45.95,DSL,0,0.7739893,Critical
8337-MSSXB,Month-to-month,14,86.3,Fiber optic,2,0.7738575,Critical
3500-RMZLT,Month-to-month,15,96.3,Fiber optic,4,0.77383584,Critical
2951-QOQTK,Month-to-month,4,80.8,Fiber optic,1,0.7734488,Critical
1226-IENZN,Month-to-month,16,78.75,Fiber optic,1,0.7734411,Critical
9779-DPNEJ,Month-to-month,22,80.15,Fiber optic,1,0.77333164,Critical
1766-GKNMI,Month-to-month,29,84.9,Fiber optic,1,0.7730032,Critical
8802-UNOJF,Month-to-month,12,83.8,Fiber optic,3,0.7729991,Critical
0023-XUOPT,Month-to-month,13,94.1,Fiber optic,3,0.772979,Critical
7278-CKDNC,Month-to-month,24,80.5,Fiber optic,1,0.77284783,Critical
1000-AJSLD,Month-to-month,1,20.1,No,0,0.77279526,Critical
1240-KNSEZ,Month-to-month,1,20.1,No,0,0.77279526,Critical
5729-KLZAR,Month-to-month,4,80.85,Fiber optic,1,0.7724772,Critical
2079-FBMZK,Month-to-month,6,69.25,Fiber optic,0,0.7723997,Critical
3644-QXEHN,Month-to-month,13,97.0,Fiber optic,3,0.7723917,Critical
8445-DNBAE,Month-to-month,1,50.05,DSL,0,0.7721211,Critical
3376-BMGFE,Month-to-month,4,70.9,Fiber optic,0,0.7720584,Critical
6680-WKXRZ,Month-to-month,3,74.4,Fiber optic,0,0.7717519,Critical
4818-QIUFN,Month-to-month,20,79.15,Fiber optic,1,0.77144074,Critical
9136-ALYBR,Month-to-month,1,24.45,DSL,0,0.7713028,Critical
5288-AHOUP,Month-to-month,11,78.5,Fiber optic,1,0.7712997,Critical
5908-QMGOE,Month-to-month,15,74.2,Fiber optic,0,0.77125293,Critical
9058-MJLZC,Month-to-month,24,94.6,Fiber optic,3,0.7710529,Critical
9633-XQABV,Month-to-month,3,70.25,Fiber optic,0,0.7709713,Critical
4077-CROMM,Month-to-month,31,104.2,Fiber optic,4,0.7709669,Critical
2761-XECQW,Month-to-month,8,43.35,DSL,3,0.77091724,Critical
9133-AYJZG,Month-to-month,23,98.7,Fiber optic,3,0.77037233,Critical
8687-BAFGU,Month-to-month,1,74.0,Fiber optic,1,0.7700099,Critical
4441-NIHPT,Month-to-month,13,74.3,Fiber optic,1,0.7699363,Critical
1513-XNPPH,Month-to-month,12,89.4,Fiber optic,3,0.769798,Critical
2398-YPMUR,Month-to-month,13,70.15,Fiber optic,0,0.7697219,Critical
2718-GAXQD,Month-to-month,4,46.0,DSL,0,0.7694496,Critical
4123-DVHPH,Month-to-month,9,88.05,Fiber optic,2,0.76912445,Critical
4361-JEIVL,Month-to-month,1,44.4,DSL,0,0.7687698,Critical
5899-MQZZL,Month-to-month,13,75.0,Fiber optic,0,0.7687468,Critical
7442-YGZFK,Month-to-month,1,49.8,DSL,0,0.7686097,Critical
9903-LYSAB,Month-to-month,18,73.15,Fiber optic,0,0.7685596,Critical
8270-RKSAP,Month-to-month,9,70.5,Fiber optic,0,0.76852864,Critical
2359-KMGLI,Month-to-month,24,80.25,Fiber optic,1,0.76852196,Critical
3629-ZNKXA,Month-to-month,17,101.8,Fiber optic,4,0.7675315,Critical
6661-HBGWL,Month-to-month,42,104.75,Fiber optic,4,0.7674697,Critical
8378-LKJAF,Month-to-month,38,101.15,Fiber optic,3,0.7671488,Critical
2754-XBHTB,Month-to-month,9,77.65,Fiber optic,1,0.7668766,Critical
6851-WEFYX,Month-to-month,35,100.8,Fiber optic,3,0.7668223,Critical
0115-TFERT,Month-to-month,21,111.2,Fiber optic,5,0.76671785,Critical
5233-AOZUF,Month-to-month,29,74.95,Fiber optic,0,0.7666698,Critical
5228-EXCET,Month-to-month,13,80.85,Fiber optic,1,0.76665306,Critical
4074-SJFFA,Month-to-month,1,54.75,DSL,1,0.7666092,Critical
9661-ACXBS,Month-to-month,42,105.2,Fiber optic,4,0.76652896,Critical
9244-ZVAPM,Month-to-month,1,45.6,DSL,0,0.7663211,Critical
6982-UQZLY,Month-to-month,1,20.85,No,0,0.76610947,Critical
2320-JRSDE,Month-to-month,1,19.9,No,0,0.76601326,Critical
6629-CZTTH,Month-to-month,1,55.7,DSL,1,0.76587015,Critical
6987-XQSJT,Month-to-month,54,79.5,Fiber optic,1,0.76520467,Critical
7130-VTEWQ,Month-to-month,8,75.75,Fiber optic,0,0.76519054,Critical
9821-POOTN,Month-to-month,35,75.2,Fiber optic,0,0.7649664,Critical
0107-WESLM,Month-to-month,1,19.85,No,0,0.76494545,Critical
3669-LVWZB,Month-to-month,5,51.0,DSL,3,0.7647597,Critical
4853-OITSN,Month-to-month,5,89.15,Fiber optic,2,0.76475644,Critical
4763-PGDPO,Month-to-month,4,70.4,Fiber optic,0,0.764756,Critical
2696-NARTR,Month-to-month,11,73.85,Fiber optic,1,0.76462966,Critical
3658-KIBGF,Month-to-month,1,54.9,DSL,2,0.76459205,Critical
2984-MIIZL,Month-to-month,4,74.8,Fiber optic,1,0.76444525,Critical
2905-KFQUV,Month-to-month,2,70.4,Fiber optic,0,0.76435244,Critical
7786-WBJYI,Month-to-month,4,77.95,Fiber optic,1,0.7642192,Critical
3481-JHUZH,Month-to-month,41,80.25,Fiber optic,1,0.76413465,Critical
6313-GIDIT,Month-to-month,53,54.45,DSL,4,0.7639256,Critical
1428-GTBJJ,Month-to-month,11,74.55,Fiber optic,1,0.7637821,Critical
4013-UBXWQ,Month-to-month,7,74.65,DSL,3,0.76364714,Critical
2933-FILNV,Month-to-month,2,24.4,DSL,0,0.7633688,Critical
8665-UTDHZ,Month-to-month,1,30.2,DSL,1,0.7633168,Critical
0224-RLWWD,Month-to-month,2,44.3,DSL,0,0.7633105,Critical
0793-TWELN,Month-to-month,4,80.15,Fiber optic,1,0.7630708,Critical
3413-BMNZE,Month-to-month,1,45.25,DSL,0,0.7629889,Critical
2187-PKZAY,Month-to-month,12,79.95,Fiber optic,1,0.76222986,Critical
8035-PWSEV,Month-to-month,6,89.25,Fiber optic,3,0.76222366,Critical
7377-DMMRI,Month-to-month,2,47.8,DSL,1,0.76194155,Critical
3588-WSTTJ,Month-to-month,35,99.05,Fiber optic,3,0.76182824,Critical
4369-HTUIF,Month-to-month,6,85.15,Fiber optic,2,0.76177853,Critical
0928-XUTSN,Month-to-month,13,80.5,Fiber optic,1,0.76161367,Critical
3753-TSEMP,Month-to-month,15,88.15,Fiber optic,2,0.76159847,Critical
9947-OTFQU,Month-to-month,15,74.4,Fiber optic,1,0.76154524,Critical
3866-MDTUB,Month-to-month,2,70.75,DSL,3,0.7615137,Critical
3838-OZURD,Month-to-month,66,105.0,Fiber optic,4,0.7614017,Critical
6317-YPKDH,Month-to-month,1,29.95,DSL,1,0.7612319,Critical
2815-CPTUL,Month-to-month,5,70.25,Fiber optic,0,0.760839,Critical
2694-CIUMO,Month-to-month,12,79.55,Fiber optic,1,0.7604886,Critical
9026-RNUJS,Month-to-month,5,50.35,DSL,1,0.7601657,Critical
5480-TBGPH,Month-to-month,24,99.3,Fiber optic,4,0.76009756,Critical
7703-ZEKEF,Month-to-month,23,81.0,Fiber optic,1,0.75990933,Critical
0027-KWYKW,Month-to-month,23,83.75,Fiber optic,1,0.7592804,Critical
0637-YLETY,Month-to-month,16,95.6,Fiber optic,3,0.7591697,Critical
4398-HSCJH,Month-to-month,3,63.6,DSL,2,0.7589895,Critical
8714-CTZJW,Month-to-month,4,82.85,Fiber optic,2,0.7589491,Critical
6876-ADESB,Month-to-month,1,48.95,DSL,1,0.7588671,Critical
8008-HAWED,Month-to-month,14,50.75,DSL,3,0.75885516,Critical
4480-QQRHC,Month-to-month,8,74.05,Fiber optic,1,0.7586503,Critical
9840-DVNDC,Month-to-month,6,80.5,Fiber optic,1,0.75861084,Critical
4505-EXZHB,Month-to-month,6,74.4,Fiber optic,1,0.7585945,Critical
6330-JKLPC,Month-to-month,11,80.5,Fiber optic,1,0.75830555,Critical
3768-NLUBH,Month-to-month,57,100.6,Fiber optic,3,0.75815797,Critical
0396-YCHWO,Month-to-month,36,95.4,Fiber optic,2,0.75802666,Critical
1587-FKLZB,Month-to-month,66,99.5,Fiber optic,3,0.75797695,Critical
4749-VFKVB,Month-to-month,1,50.1,DSL,0,0.757675,Critical
4612-SSVHJ,Month-to-month,20,81.45,Fiber optic,1,0.7574128,Critical
4587-NUKOX,Month-to-month,3,79.1,Fiber optic,2,0.7572723,Critical
6705-LXORM,Month-to-month,5,70.05,Fiber optic,0,0.7570596,Critical
0623-IIHUG,Month-to-month,21,41.9,DSL,2,0.75703454,Critical
3420-ZDBMA,Month-to-month,5,71.45,Fiber optic,0,0.7570029,Critical
6088-BXMRG,Month-to-month,32,98.85,Fiber optic,3,0.75688565,Critical
3070-DVEYC,Month-to-month,7,73.75,Fiber optic,0,0.75670606,Critical
3352-ALMCK,Month-to-month,40,102.65,Fiber optic,4,0.7566665,Critical
8837-VVWLQ,Month-to-month,8,84.95,Fiber optic,2,0.75629973,Critical
5976-JCJRH,Month-to-month,10,70.3,Fiber optic,0,0.75613284,Critical
4291-SHSBH,Month-to-month,7,69.55,Fiber optic,0,0.7560419,Critical
5947-SGKCL,Month-to-month,15,105.35,Fiber optic,4,0.7560237,Critical
1475-VWVDO,Month-to-month,7,74.9,Fiber optic,1,0.7557378,Critical
5981-ITEMU,Month-to-month,40,97.1,Fiber optic,2,0.75564873,Critical
4873-ILOLJ,Month-to-month,24,90.35,Fiber optic,2,0.7556431,Critical
0133-BMFZO,Month-to-month,2,86.25,Fiber optic,3,0.75531065,Critical
3685-YLCMQ,One year,58,104.65,Fiber optic,4,0.7552785,Critical
3453-RTHJQ,Month-to-month,6,69.1,Fiber optic,0,0.75497794,Critical
5442-XSDCW,Month-to-month,11,79.5,Fiber optic,1,0.7548467,Critical
0947-MUGVO,Month-to-month,20,73.65,Fiber optic,1,0.7547922,Critical
5650-VDUDS,Month-to-month,4,24.25,DSL,0,0.75478417,Critical
7752-XUSCI,Month-to-month,60,105.9,Fiber optic,4,0.7545917,Critical
6907-FLBER,Month-to-month,1,54.3,DSL,1,0.75453264,Critical
1746-TGTWV,Month-to-month,1,75.35,Fiber optic,1,0.7545308,Critical
6267-DCFFZ,Month-to-month,30,90.05,Fiber optic,2,0.75452757,Critical
8393-DLHGA,Month-to-month,25,95.9,Fiber optic,3,0.7540386,Critical
4450-DLLMH,Month-to-month,2,71.3,Fiber optic,0,0.75392234,Critical
0258-NOKBL,Month-to-month,3,90.4,Fiber optic,3,0.7536931,Critical
5129-JLPIS,Month-to-month,25,105.5,Fiber optic,5,0.7536527,Critical
0475-RIJEP,Month-to-month,43,77.85,Fiber optic,1,0.7533861,Critical
6833-JMZYP,Month-to-month,15,94.0,Fiber optic,3,0.7531149,Critical
0224-HJAPT,Month-to-month,5,47.15,DSL,0,0.7530592,Critical
9465-RWMXL,Month-to-month,32,78.9,Fiber optic,1,0.7526579,Critical
7952-OBOYL,Month-to-month,3,89.85,Fiber optic,3,0.75264865,Critical
5692-ICXLW,Month-to-month,31,90.7,Fiber optic,2,0.75247425,Critical
3317-VLGQT,Month-to-month,14,78.1,Fiber optic,1,0.75244653,Critical
6712-OAWRH,Month-to-month,26,91.25,Fiber optic,2,0.75234705,Critical
4412-YLTKF,Month-to-month,27,78.05,Fiber optic,1,0.75233126,Critical
0506-LVNGN,Month-to-month,5,75.55,Fiber optic,1,0.75199324,Critical
1792-UXAFY,Month-to-month,17,89.15,Fiber optic,3,0.7515812,Critical
2041-JIJCI,Month-to-month,5,64.0,DSL,2,0.75125074,Critical
0601-WZHJF,Month-to-month,14,46.35,DSL,2,0.75043046,Critical
9912-GVSEQ,Month-to-month,26,93.85,Fiber optic,3,0.7503779,Critical
0749-IRGQE,Month-to-month,13,45.3,DSL,2,0.7503566,Critical
0330-IVZHA,Month-to-month,5,69.95,Fiber optic,0,0.7500635,Critical
1730-ZMAME,Month-to-month,32,79.5,Fiber optic,1,0.74992734,High
8417-FMLZI,Month-to-month,6,83.55,Fiber optic,2,0.74986917,High
4919-MOAVT,Month-to-month,3,69.65,Fiber optic,0,0.74984634,High
9208-OLGAQ,Month-to-month,18,84.95,Fiber optic,2,0.7497558,High
9093-FPDLG,Month-to-month,11,94.2,Fiber optic,4,0.74926555,High
5167-GBFRE,Month-to-month,4,25.2,DSL,0,0.74911356,High
4854-CIDCF,Month-to-month,3,73.85,Fiber optic,1,0.74907064,High
8878-HMWBV,Month-to-month,3,49.15,DSL,1,0.74904704,High
3223-DWFIO,Month-to-month,4,69.35,Fiber optic,0,0.7490254,High
6005-OBZPH,Month-to-month,26,89.15,Fiber optic,2,0.74902236,High
2842-JTCCU,Month-to-month,2,46.05,DSL,0,0.7489377,High
8212-DJRCH,Month-to-month,5,90.35,Fiber optic,3,0.74890816,High
2833-SLKDQ,Month-to-month,1,45.05,DSL,0,0.74882835,High
8182-BJDSI,Month-to-month,28,89.95,Fiber optic,2,0.748724,High
6377-WHAOX,Month-to-month,60,106.15,Fiber optic,4,0.74868834,High
7339-POGZN,Month-to-month,4,50.7,DSL,0,0.74856806,High
4546-FOKWR,Month-to-month,16,74.75,Fiber optic,0,0.7483376,High
0818-OCPZO,Month-to-month,27,81.45,Fiber optic,1,0.7481485,High
5480-HPRRX,Month-to-month,3,25.3,DSL,0,0.7478249,High
2232-DMLXU,Month-to-month,1,55.2,DSL,1,0.747748,High
1641-RQDAY,Month-to-month,32,100.4,Fiber optic,3,0.7477404,High
5022-JNQEQ,Month-to-month,9,75.85,Fiber optic,1,0.7476778,High
9492-TOKRI,Month-to-month,18,90.0,Fiber optic,2,0.7475697,High
2719-BDAQO,Month-to-month,17,93.85,Fiber optic,3,0.7473921,High
5351-QESIO,Month-to-month,1,24.2,DSL,0,0.7472151,High
5144-TVGLP,Month-to-month,38,94.75,Fiber optic,2,0.7467637,High
0265-EDXBD,Month-to-month,32,74.9,Fiber optic,0,0.74647,High
0848-ZGQIJ,Month-to-month,16,94.65,Fiber optic,3,0.7458525,High
5028-GZLDO,Month-to-month,2,70.7,Fiber optic,0,0.74580103,High
6032-IGALN,Month-to-month,1,25.1,DSL,0,0.745325,High
7754-IXRMC,Month-to-month,1,45.35,DSL,0,0.7446361,High
6582-OIVSP,Month-to-month,1,45.3,DSL,0,0.7446361,High
7252-NTGSS,Month-to-month,1,45.15,DSL,0,0.7446361,High
3703-KBKZP,Month-to-month,16,74.45,Fiber optic,0,0.7445044,High
5896-NPFWW,Month-to-month,3,50.15,DSL,1,0.7443706,High
1658-TJVOA,Month-to-month,6,74.1,Fiber optic,1,0.74416554,High
6905-NIQIN,Month-to-month,1,50.65,DSL,1,0.7441247,High
2675-DHUTR,Month-to-month,58,98.9,Fiber optic,3,0.74412465,High
0581-BXBUB,Month-to-month,4,72.75,Fiber optic,1,0.74411964,High
6715-OFDBP,Month-to-month,5,70.05,DSL,3,0.7438403,High
2482-CZGBB,Month-to-month,10,70.0,Fiber optic,0,0.7436061,High
3714-NTNFO,Month-to-month,49,84.5,Fiber optic,1,0.7433253,High
2474-BRUCM,Month-to-month,40,101.85,Fiber optic,3,0.7430552,High
0979-PHULV,Month-to-month,69,99.45,Fiber optic,3,0.742862,High
6888-SBYAI,Month-to-month,1,50.7,DSL,1,0.74259305,High
7794-JASDG,Month-to-month,1,50.75,DSL,1,0.74259305,High
7538-GWHML,Month-to-month,2,69.65,Fiber optic,0,0.7425562,High
6507-ZJSUR,Month-to-month,23,90.45,Fiber optic,2,0.74248385,High
9961-JBNMK,Month-to-month,21,96.8,Fiber optic,3,0.7420672,High
1251-KRREG,Month-to-month,2,54.4,DSL,1,0.7420287,High
2916-BQZLN,Month-to-month,19,84.75,Fiber optic,2,0.7417658,High
8685-WHQPW,Month-to-month,22,74.4,Fiber optic,0,0.7416872,High
5569-OUICF,Month-to-month,28,101.3,Fiber optic,3,0.74161804,High
2378-VTKDH,Month-to-month,65,104.35,Fiber optic,4,0.74145484,High
8012-SOUDQ,Month-to-month,43,90.25,Fiber optic,2,0.74141973,High
3791-LGQCY,Month-to-month,56,100.65,Fiber optic,3,0.74119306,High
9743-DQKQW,Month-to-month,3,25.1,DSL,0,0.7411506,High
8286-AFUYI,Month-to-month,1,47.95,DSL,1,0.74110305,High
0225-ZORZP,Month-to-month,3,84.3,Fiber optic,2,0.7409633,High
6103-BOCOU,Month-to-month,26,80.7,Fiber optic,1,0.7405438,High
2325-NBPZG,Month-to-month,3,74.55,Fiber optic,1,0.74045247,High
4128-ETESU,Month-to-month,47,99.7,Fiber optic,3,0.74011415,High
1028-FFNJK,Month-to-month,30,101.5,Fiber optic,3,0.73974174,High
5666-CYCYZ,Month-to-month,24,89.55,Fiber optic,2,0.73968244,High
0886-QGENL,Month-to-month,27,101.25,Fiber optic,4,0.73968035,High
5044-LRQAQ,Month-to-month,7,69.2,Fiber optic,0,0.7395137,High
8974-OVACP,Month-to-month,1,20.15,No,0,0.73939735,High
1013-QCWAM,Month-to-month,66,100.8,Fiber optic,3,0.739339,High
6311-UEUME,Month-to-month,29,78.9,Fiber optic,1,0.73927474,High
8120-JDCAM,Month-to-month,4,69.55,Fiber optic,0,0.7392428,High
1343-EHPYB,Month-to-month,63,103.4,Fiber optic,4,0.7383654,High
1891-FZYSA,Month-to-month,69,89.95,Fiber optic,2,0.7383218,High
3398-ZOUAA,Month-to-month,21,69.1,Fiber optic,0,0.73814017,High
6818-DJXAA,Month-to-month,10,91.1,Fiber optic,3,0.7380589,High
9172-JITSM,Month-to-month,26,90.8,Fiber optic,2,0.73802674,High
9227-LUNBG,Month-to-month,1,24.6,DSL,0,0.73802525,High
6242-MBHPK,Month-to-month,23,95.1,Fiber optic,3,0.7380183,High
0654-HMSHN,Month-to-month,21,104.4,Fiber optic,4,0.73793554,High
8714-EUHJO,Month-to-month,31,91.15,Fiber optic,2,0.73787385,High
5331-RGMTT,Month-to-month,54,99.05,Fiber optic,3,0.7377071,High
3196-NVXLZ,Month-to-month,25,84.6,Fiber optic,1,0.7376901,High
4729-XKASR,Month-to-month,1,24.75,DSL,0,0.7373799,High
5760-FXFVO,Month-to-month,6,78.95,Fiber optic,2,0.73719186,High
0378-NHQXU,Month-to-month,17,88.25,Fiber optic,2,0.7371042,High
5606-AMZBO,Month-to-month,10,78.15,Fiber optic,1,0.7365933,High
2739-CACDQ,Month-to-month,17,82.65,Fiber optic,1,0.73641247,High
8064-RAVOH,Month-to-month,1,49.85,DSL,1,0.73627615,High
3132-TVFDZ,Month-to-month,57,44.85,DSL,2,0.73609924,High
5989-PGKJB,Month-to-month,16,86.25,Fiber optic,2,0.7359802,High
6178-KFNHS,Month-to-month,12,78.3,Fiber optic,1,0.7356546,High
4816-LXZYW,Month-to-month,23,79.15,Fiber optic,1,0.73562586,High
3717-OEAUQ,Month-to-month,2,70.7,Fiber optic,0,0.7354919,High
2604-IJPDU,Month-to-month,20,96.55,Fiber optic,4,0.7354772,High
3627-FHKBK,Month-to-month,1,75.3,Fiber optic,1,0.73537606,High
5669-SRAIP,Month-to-month,5,39.5,DSL,2,0.73523563,High
3269-ATYWD,Month-to-month,39,95.65,Fiber optic,2,0.7351857,High
0093-EXYQL,Month-to-month,40,91.55,Fiber optic,2,0.73493445,High
2091-RFFBA,Month-to-month,31,73.9,Fiber optic,0,0.7348442,High
0434-CSFON,Month-to-month,47,100.5,Fiber optic,3,0.73477805,High
5183-SNMJQ,Month-to-month,10,95.1,Fiber optic,3,0.7345462,High
4250-ZBWLV,One year,68,108.45,Fiber optic,5,0.7344824,High
7851-FLGGQ,Month-to-month,1,44.65,DSL,3,0.73400193,High
6142-VSJQO,Month-to-month,1,44.35,DSL,0,0.73389953,High
7587-RZNME,Month-to-month,3,43.3,DSL,0,0.7338536,High
5931-FLJJF,Month-to-month,7,70.1,Fiber optic,0,0.7336585,High
3097-NNSPB,Month-to-month,2,49.05,DSL,1,0.73365265,High
3597-MVHJT,Month-to-month,27,95.6,Fiber optic,2,0.73355937,High
7762-URZQH,Two year,66,106.05,Fiber optic,4,0.73342735,High
9600-UDOPK,Month-to-month,30,94.05,Fiber optic,2,0.7333975,High
6645-MXQJT,Month-to-month,2,97.1,Fiber optic,3,0.7332786,High
9576-ANLXO,Month-to-month,3,69.55,Fiber optic,0,0.7331884,High
2080-GKCWQ,Month-to-month,2,74.95,Fiber optic,1,0.73288953,High
5879-SESNB,Month-to-month,11,75.25,Fiber optic,0,0.73238224,High
0322-YINQP,Month-to-month,1,48.55,DSL,1,0.7322405,High
9588-OZDMQ,Month-to-month,2,45.0,DSL,0,0.7317836,High
7979-CORPM,Month-to-month,24,90.55,Fiber optic,2,0.7313474,High
8104-OSKWT,Month-to-month,12,79.8,Fiber optic,1,0.73133826,High
5748-RNCJT,Two year,69,106.5,Fiber optic,4,0.7313144,High
8066-POXGX,Month-to-month,13,35.1,DSL,1,0.7312467,High
1660-HSOOQ,Month-to-month,1,49.65,DSL,1,0.73122567,High
2360-RDGRO,Month-to-month,65,104.25,Fiber optic,4,0.7311923,High
1769-GRUIK,Month-to-month,18,71.1,Fiber optic,0,0.73084766,High
4690-PKDQG,Month-to-month,42,95.55,Fiber optic,3,0.7306959,High
5647-FXOTP,Month-to-month,60,105.9,Fiber optic,4,0.7305219,High
2565-JSLRY,Month-to-month,1,24.05,No,0,0.73048353,High
9190-MFJLN,Month-to-month,19,95.9,Fiber optic,3,0.73031723,High
2592-SEIFQ,Month-to-month,3,24.75,DSL,0,0.7296952,High
3365-SAIGS,Month-to-month,17,83.55,Fiber optic,2,0.7296613,High
2037-SGXHH,Month-to-month,38,94.65,Fiber optic,3,0.72964424,High
8614-VGMMV,Month-to-month,15,49.1,DSL,0,0.7293483,High
6394-MFYNG,Month-to-month,48,107.4,Fiber optic,4,0.7291832,High
7729-JTEEC,Month-to-month,2,44.5,DSL,0,0.72917503,High
6032-KRXXO,Month-to-month,30,90.25,Fiber optic,2,0.72913027,High
6689-KXGBO,Month-to-month,1,50.55,DSL,1,0.72901237,High
0376-YMCJC,Month-to-month,23,90.6,Fiber optic,2,0.72869533,High
4367-NHWMM,Month-to-month,1,24.9,DSL,0,0.7286302,High
6366-ZGQGL,Month-to-month,1,24.8,DSL,0,0.7285985,High
9625-QSTYE,Month-to-month,13,81.15,Fiber optic,2,0.7284335,High
3545-CNWRG,Month-to-month,49,98.35,Fiber optic,3,0.7280598,High
7853-GVUDZ,Month-to-month,1,20.15,No,0,0.72790515,High
0432-CAJZV,Month-to-month,3,90.7,Fiber optic,2,0.72776073,High
2956-GGUCQ,Month-to-month,24,78.85,Fiber optic,1,0.7273933,High
3334-CTHOL,Month-to-month,1,49.95,DSL,0,0.72726065,High
1104-TNLZA,Month-to-month,28,105.8,Fiber optic,4,0.727114,High
3144-AUDBS,Month-to-month,6,49.15,DSL,1,0.72700906,High
3130-ICDUP,Month-to-month,2,80.55,Fiber optic,1,0.7268055,High
6923-EFPNL,Month-to-month,4,51.75,DSL,0,0.72650474,High
5968-VXZLG,Month-to-month,2,46.6,DSL,0,0.7263334,High
4800-VHZKI,Month-to-month,1,19.9,No,0,0.72601426,High
6900-PXRMS,Month-to-month,26,105.75,Fiber optic,4,0.7259952,High
1965-DDBWU,Month-to-month,16,89.05,Fiber optic,2,0.72586346,High
5119-NZPTV,Month-to-month,2,70.1,Fiber optic,0,0.72585255,High
4013-TLDHQ,Month-to-month,19,78.25,Fiber optic,2,0.7258437,High
2277-VWCNI,Month-to-month,4,48.75,DSL,0,0.7255124,High
4652-NNHNY,Month-to-month,16,73.85,Fiber optic,0,0.72532076,High
9191-MYQKX,Month-to-month,7,75.15,Fiber optic,1,0.7251173,High
7537-RBWEA,Month-to-month,1,25.15,DSL,0,0.7248964,High
7072-MBHEV,Month-to-month,11,78.1,Fiber optic,1,0.72476196,High
2824-MYYBN,Month-to-month,37,95.25,Fiber optic,2,0.7246628,High
8118-TJAFG,Month-to-month,9,101.5,Fiber optic,4,0.72455776,High
6599-RCLCJ,Month-to-month,47,109.55,Fiber optic,5,0.72453237,High
8778-LMWTJ,Month-to-month,9,74.85,Fiber optic,1,0.7242485,High
3148-BLQJT,Month-to-month,1,20.1,No,0,0.72423536,High
7508-SMHXL,Month-to-month,15,89.0,Fiber optic,2,0.72419894,High
2519-FAKOD,Month-to-month,38,99.25,Fiber optic,3,0.7239321,High
1016-DJTSV,Month-to-month,8,69.7,Fiber optic,0,0.7238889,High
6173-GOLSU,Month-to-month,67,94.65,Fiber optic,2,0.7236749,High
5599-HVLTW,Month-to-month,14,80.35,Fiber optic,1,0.7234557,High
6017-PPLPX,Month-to-month,20,70.45,Fiber optic,0,0.72341806,High
2369-FEVNO,Month-to-month,1,19.9,No,0,0.7232649,High
1262-OPMFY,Month-to-month,9,75.75,Fiber optic,1,0.7231772,High
9773-PEQBZ,Month-to-month,10,79.85,Fiber optic,1,0.72310954,High
2465-BLLEU,Month-to-month,1,19.75,No,0,0.723033,High
5022-KVDQT,Month-to-month,27,81.3,Fiber optic,1,0.72301316,High
2081-VEYEH,Month-to-month,3,107.95,Fiber optic,5,0.7229857,High
5153-RTHKF,Month-to-month,34,85.35,Fiber optic,1,0.72286314,High
4815-GBTCD,Month-to-month,4,25.15,DSL,0,0.7224511,High
3640-PHQXK,Month-to-month,31,89.9,Fiber optic,2,0.72240967,High
3312-UUMZW,Month-to-month,32,98.85,Fiber optic,3,0.72233415,High
2792-LSHWX,Month-to-month,1,83.4,Fiber optic,3,0.7221783,High
8327-LZKAS,One year,43,107.55,Fiber optic,4,0.7221768,High
2038-LLMLM,Month-to-month,48,103.85,Fiber optic,4,0.7221242,High
9053-EJUNL,Month-to-month,41,89.2,Fiber optic,2,0.722093,High
0786-VSSUD,Month-to-month,16,39.0,DSL,2,0.7220092,High
2038-OEQZH,Month-to-month,4,86.05,Fiber optic,2,0.72195953,High
5857-TYBCJ,Month-to-month,44,89.2,Fiber optic,2,0.72160727,High
5373-SFODM,Month-to-month,36,85.25,Fiber optic,1,0.7214922,High
8224-DWCKX,Month-to-month,12,73.3,Fiber optic,0,0.72141117,High
4029-HPFVY,Month-to-month,3,70.3,Fiber optic,0,0.72127336,High
4195-NZGTA,Month-to-month,1,25.25,DSL,0,0.7211718,High
3671-SHRSP,Month-to-month,4,80.6,Fiber optic,2,0.7210187,High
8490-BXHEO,Month-to-month,18,80.55,Fiber optic,1,0.7207689,High
7841-TZDMQ,Month-to-month,2,46.0,DSL,0,0.7207555,High
1934-SJVJK,Month-to-month,1,20.15,No,0,0.72067285,High
1066-JKSGK,Month-to-month,1,20.15,No,0,0.72067285,High
5204-QZXPU,Month-to-month,19,39.65,DSL,2,0.72050446,High
0354-WYROK,Month-to-month,31,98.9,Fiber optic,4,0.7203901,High
3748-FVMZZ,Month-to-month,4,40.05,DSL,2,0.7202047,High
6994-KERXL,Month-to-month,4,55.9,DSL,1,0.7200143,High
3884-HCSWG,Month-to-month,17,70.0,Fiber optic,0,0.71991026,High
4959-JOSRX,Month-to-month,2,44.6,DSL,0,0.719829,High
3235-ETOOB,Month-to-month,8,74.5,Fiber optic,1,0.71903443,High
5143-EGQFK,Month-to-month,10,29.65,DSL,1,0.71885616,High
9355-NPPFS,Month-to-month,26,78.8,Fiber optic,1,0.71882975,High
6906-ANDWJ,Month-to-month,15,74.9,Fiber optic,0,0.71872556,High
5650-YLIBA,Month-to-month,31,81.15,Fiber optic,1,0.718324,High
3312-ZWLGF,Month-to-month,29,79.3,Fiber optic,1,0.71824557,High
5760-IFJOZ,Month-to-month,3,107.95,Fiber optic,4,0.7180954,High
1725-MIMXW,Month-to-month,1,19.45,No,0,0.7180439,High
2114-MGINA,Month-to-month,14,89.8,Fiber optic,2,0.718039,High
0576-WNXXC,Month-to-month,27,95.55,Fiber optic,3,0.7179699,High
4536-PLEQY,Month-to-month,12,85.05,Fiber optic,2,0.7170312,High
0682-USIXD,Month-to-month,21,86.05,Fiber optic,2,0.7166939,High
4671-LXRDQ,Month-to-month,2,45.0,DSL,0,0.7165767,High
6961-VCPMC,Month-to-month,46,80.4,Fiber optic,1,0.7163071,High
9824-BEMCV,Month-to-month,17,69.0,Fiber optic,0,0.715833,High
6034-YMTOB,Month-to-month,5,75.65,Fiber optic,1,0.71582234,High
7250-EQKIY,Month-to-month,1,50.45,DSL,1,0.715654,High
9360-AHGNL,One year,43,109.55,Fiber optic,5,0.71559703,High
0322-CHQRU,Month-to-month,2,45.35,DSL,0,0.7148844,High
2786-GCDPI,Month-to-month,50,104.95,Fiber optic,4,0.7148765,High
0637-UBJRP,Month-to-month,13,84.05,Fiber optic,2,0.71398497,High
7743-EXURX,Month-to-month,8,51.05,DSL,1,0.7138381,High
6704-UTUKK,Month-to-month,29,45.9,DSL,2,0.7135193,High
1522-VVDMG,Month-to-month,7,89.75,Fiber optic,3,0.71340936,High
1478-VPOAD,Month-to-month,1,43.8,DSL,0,0.7134022,High
5543-QDCRY,Month-to-month,4,56.4,DSL,1,0.7133805,High
3757-NJYBX,Month-to-month,32,106.35,Fiber optic,4,0.7133035,High
6116-RFVHN,Month-to-month,34,100.45,Fiber optic,3,0.7130277,High
9842-EFSYY,Month-to-month,4,57.2,DSL,5,0.71269137,High
4471-KXAUH,Month-to-month,42,84.3,Fiber optic,2,0.7125616,High
3050-GBUSH,Month-to-month,3,34.8,DSL,1,0.7123057,High
4088-YLDSU,One year,55,104.15,Fiber optic,4,0.71215445,High
7901-TBKJX,Month-to-month,56,101.05,Fiber optic,3,0.71215284,High
6172-FECYY,Month-to-month,49,84.5,Fiber optic,1,0.71211964,High
9796-BPKIW,Month-to-month,8,69.95,Fiber optic,0,0.7117466,High
5271-DBYSJ,Month-to-month,11,79.15,Fiber optic,1,0.7117374,High
8819-IMISP,Month-to-month,31,80.45,Fiber optic,1,0.7112267,High
9108-EJFJP,Month-to-month,1,53.55,DSL,2,0.7110508,High
9129-UXERG,Month-to-month,18,103.6,Fiber optic,4,0.71098125,High
0620-DLSLK,Month-to-month,13,81.9,Fiber optic,1,0.7109193,High
2027-CWDNU,Month-to-month,18,85.6,Fiber optic,2,0.71089375,High
2195-ZRVAX,Month-to-month,47,85.3,Fiber optic,2,0.71060836,High
8566-YPRGL,Month-to-month,1,19.5,No,0,0.71060044,High
2504-DSHIH,Month-to-month,23,86.8,Fiber optic,1,0.7102568,High
3961-SXAXY,Month-to-month,1,44.05,DSL,0,0.71007097,High
3966-HRMZA,Month-to-month,3,75.05,Fiber optic,1,0.71002,High
5380-WJKOV,Month-to-month,34,106.35,Fiber optic,4,0.70974356,High
1902-XBTFB,Month-to-month,22,89.4,Fiber optic,3,0.709742,High
7632-MNYOY,One year,66,110.9,Fiber optic,5,0.70974064,High
5307-DZCVC,Month-to-month,32,85.95,Fiber optic,1,0.70969146,High
6834-NXDCA,Month-to-month,13,23.9,DSL,0,0.7095579,High
0265-PSUAE,Month-to-month,16,100.7,Fiber optic,4,0.7094486,High
3627-FCRDW,Month-to-month,9,71.0,Fiber optic,0,0.7090887,High
5207-PLSTK,Month-to-month,1,48.75,DSL,1,0.7088708,High
0082-LDZUE,Month-to-month,1,44.3,DSL,0,0.7087825,High
7663-RGWBC,Month-to-month,1,44.15,DSL,0,0.7087825,High
1777-JYQPJ,Month-to-month,2,24.3,DSL,0,0.70874804,High
5536-RTPWK,Month-to-month,49,99.05,Fiber optic,3,0.7086938,High
6234-PFPXL,Month-to-month,22,95.9,Fiber optic,3,0.7086282,High
2227-JRSJX,Month-to-month,21,99.15,Fiber optic,4,0.7086019,High
3916-NRPAP,Month-to-month,3,85.7,Fiber optic,2,0.70859534,High
4625-EWPTF,Month-to-month,8,30.45,DSL,1,0.70859045,High
9940-HPQPG,Month-to-month,9,91.75,Fiber optic,3,0.7085655,High
1899-VXWXM,One year,48,106.1,Fiber optic,4,0.70850044,High
8630-FJLIB,Month-to-month,18,69.8,Fiber optic,0,0.7082692,High
8180-AKMJV,Month-to-month,1,44.55,DSL,0,0.708108,High
5087-SUURX,Month-to-month,18,39.05,DSL,2,0.7080396,High
3208-YPIOE,Month-to-month,39,75.25,Fiber optic,0,0.7077586,High
3524-WQDSG,Month-to-month,43,99.3,Fiber optic,3,0.70775473,High
9167-APMXZ,Month-to-month,22,84.15,Fiber optic,1,0.707633,High
2603-HVKCG,Month-to-month,31,101.4,Fiber optic,4,0.70757985,High
5439-WIKXB,Month-to-month,41,94.55,Fiber optic,3,0.7072214,High
5091-HFAZW,Month-to-month,2,91.15,Fiber optic,3,0.7071716,High
3496-LFSZU,Month-to-month,4,70.5,Fiber optic,0,0.70716804,High
0650-BWOZN,Month-to-month,18,73.55,Fiber optic,1,0.70716,High
6583-QGCSI,Month-to-month,50,88.05,Fiber optic,2,0.7070487,High
6260-ONULR,Month-to-month,1,62.8,DSL,2,0.70702773,High
5028-HTLJB,Month-to-month,1,20.05,No,0,0.7064438,High
3799-ISUZQ,Month-to-month,7,69.95,Fiber optic,0,0.7061953,High
6080-TCMYC,Month-to-month,40,81.2,Fiber optic,1,0.70606124,High
2452-KDRRH,Month-to-month,67,101.4,Fiber optic,3,0.70603645,High
4847-QNOKA,Month-to-month,1,44.9,DSL,0,0.7059671,High
2884-GBPFB,Month-to-month,35,70.3,Fiber optic,0,0.7059269,High
8623-TMRBY,Month-to-month,51,84.2,Fiber optic,2,0.705891,High
4361-BKAXE,Month-to-month,41,114.5,Fiber optic,6,0.7058701,High
5590-YRFJT,Month-to-month,20,24.45,DSL,0,0.70570374,High
6204-IEUXJ,Month-to-month,3,80.1,Fiber optic,2,0.70567304,High
0439-IFYUN,Month-to-month,18,74.7,Fiber optic,1,0.70559615,High
9389-ACWBI,Month-to-month,5,69.95,Fiber optic,0,0.7053562,High
8720-RQSBJ,Month-to-month,1,44.0,DSL,0,0.70534563,High
0899-LIIBW,Month-to-month,34,100.85,Fiber optic,3,0.7048865,High
7551-DACSP,Month-to-month,6,55.3,DSL,2,0.70442116,High
0112-QAWRZ,Month-to-month,16,90.8,Fiber optic,2,0.7042829,High
7318-EIVKO,Month-to-month,8,59.25,DSL,1,0.70398855,High
8058-DMYRU,Month-to-month,54,90.05,Fiber optic,2,0.7039717,High
7136-RVDTZ,One year,70,45.25,DSL,2,0.7035742,High
2460-NGXBJ,Month-to-month,11,75.2,Fiber optic,0,0.7033127,High
6413-XKKPU,Month-to-month,17,89.4,Fiber optic,3,0.70329624,High
6365-MTGZX,Month-to-month,24,96.0,Fiber optic,3,0.7032439,High
6595-COKXZ,Month-to-month,1,44.45,DSL,0,0.7031875,High
0623-GDISB,Month-to-month,1,48.45,DSL,1,0.7028512,High
4537-DKTAL,Month-to-month,2,45.55,DSL,0,0.7027891,High
7989-CHGTL,Month-to-month,1,19.6,No,0,0.70242697,High
9638-JIQYA,Month-to-month,2,24.9,DSL,0,0.70238703,High
4704-ERYFC,Month-to-month,22,69.25,Fiber optic,0,0.70226693,High
9540-JYROE,Month-to-month,8,70.1,Fiber optic,0,0.7020185,High
8621-MNIHH,Month-to-month,34,94.25,Fiber optic,3,0.7016808,High
2528-HFYZX,Month-to-month,17,76.45,Fiber optic,1,0.70158213,High
9714-EDSUC,Month-to-month,4,94.9,Fiber optic,4,0.7015172,High
5143-WMWOG,Month-to-month,1,19.95,No,0,0.70139426,High
9631-XEYKE,Month-to-month,3,50.4,DSL,0,0.70112836,High
7839-QRKXN,Month-to-month,1,20.2,No,0,0.70098925,High
8718-PTMEZ,Month-to-month,13,31.05,DSL,1,0.70091563,High
1271-SJBGZ,Month-to-month,12,43.65,DSL,3,0.700901,High
4828-FAZPK,Month-to-month,16,79.95,Fiber optic,1,0.7008999,High
5600-KTXFM,Month-to-month,2,69.95,Fiber optic,0,0.7007579,High
1501-SGHBW,Month-to-month,2,45.85,DSL,0,0.700326,High
3374-LXDEV,Month-to-month,13,89.4,Fiber optic,3,0.69986176,High
9526-BIHHD,Month-to-month,1,29.7,DSL,1,0.69977105,High
1624-WOIWJ,Month-to-month,10,84.7,Fiber optic,2,0.6997384,High
9432-VOFYX,Month-to-month,17,70.8,Fiber optic,0,0.6995921,High
4236-UJPWO,Month-to-month,2,24.5,DSL,0,0.6995054,High
1092-GANHU,Month-to-month,17,76.65,Fiber optic,1,0.69935584,High
4647-MUZON,Month-to-month,18,95.95,Fiber optic,3,0.69915694,High
4588-YBNIB,Month-to-month,1,19.6,No,0,0.6989372,High
7298-IZWLY,Month-to-month,1,19.4,No,0,0.69866604,High
3914-FDRHP,Month-to-month,9,86.25,Fiber optic,2,0.6985259,High
4781-ZXYGU,Month-to-month,1,20.15,No,0,0.6981282,High
7207-RMRDB,Month-to-month,65,105.5,Fiber optic,4,0.6980598,High
2640-PMGFL,Month-to-month,27,79.5,Fiber optic,1,0.6980033,High
3088-LHEFH,Month-to-month,11,79.0,Fiber optic,1,0.6976371,High
8824-RWFXJ,Month-to-month,3,56.15,DSL,2,0.6976288,High
4547-LYTDD,Month-to-month,16,72.65,Fiber optic,0,0.69756716,High
1942-OQFRW,Month-to-month,1,44.0,DSL,0,0.6973604,High
2187-LZGPL,Month-to-month,7,40.1,DSL,2,0.69720685,High
0277-BKSQP,Month-to-month,8,54.4,DSL,1,0.69711775,High
9835-ZIITK,One year,66,110.85,Fiber optic,5,0.69664747,High
5016-IBERQ,Month-to-month,23,84.25,Fiber optic,2,0.69642836,High
8601-QACRS,Month-to-month,5,50.6,DSL,0,0.6961328,High
0529-ONKER,Month-to-month,15,75.65,Fiber optic,0,0.6952759,High
4902-OHLSK,Month-to-month,29,98.65,Fiber optic,3,0.6952555,High
5630-IXDXV,Month-to-month,47,106.35,Fiber optic,4,0.694708,High
4223-WOZCM,Month-to-month,2,49.95,DSL,1,0.694691,High
1750-CSKKM,Month-to-month,9,55.35,DSL,1,0.6945992,High
7389-KBFIT,Month-to-month,2,30.25,DSL,1,0.6944873,High
3804-RVTGV,Month-to-month,50,103.85,Fiber optic,4,0.6943874,High
8981-FJGLA,Month-to-month,11,78.0,Fiber optic,1,0.69381034,High
3771-PZOBW,Month-to-month,20,90.7,Fiber optic,2,0.6937217,High
9506-UXUSK,Month-to-month,13,70.15,Fiber optic,0,0.69366366,High
1228-FZFRV,Month-to-month,50,105.95,Fiber optic,4,0.69353765,High
5626-MGTUK,Month-to-month,20,89.1,Fiber optic,2,0.6934369,High
0621-TWIEM,Month-to-month,10,45.55,DSL,0,0.6933163,High
8033-VCZGH,One year,50,103.95,Fiber optic,4,0.6932574,High
7603-USHJS,Month-to-month,12,73.75,Fiber optic,0,0.6930826,High
2903-YYTBW,Month-to-month,1,44.55,DSL,0,0.69305927,High
1260-TTRXI,Month-to-month,4,54.3,DSL,1,0.69245875,High
7284-BUYEC,Month-to-month,5,50.95,DSL,3,0.6923306,High
2082-OJVTK,Month-to-month,29,89.2,Fiber optic,2,0.6922136,High
5365-LLFYV,Month-to-month,2,45.85,DSL,0,0.6920753,High
9286-DOJGF,Month-to-month,38,74.95,Fiber optic,0,0.692011,High
9214-EKVXR,Month-to-month,1,44.0,DSL,0,0.69133776,High
8806-EAGWC,Month-to-month,3,55.15,DSL,1,0.6910863,High
9979-RGMZT,One year,7,94.05,Fiber optic,3,0.69089043,High
9462-MJUAW,Month-to-month,4,50.4,DSL,0,0.690761,High
6158-HDPXZ,Month-to-month,1,25.35,DSL,0,0.69070995,High
6551-GNYDG,Month-to-month,14,80.9,Fiber optic,1,0.69054955,High
0921-OHLVP,Month-to-month,22,83.05,Fiber optic,1,0.6903888,High
2840-XANRC,Month-to-month,24,93.15,Fiber optic,3,0.6901877,High
5906-BFOZT,Month-to-month,1,19.5,No,0,0.68989855,High
3005-TYFRD,Month-to-month,55,103.65,Fiber optic,4,0.68984383,High
7018-WBJNK,Month-to-month,13,78.3,Fiber optic,1,0.6896206,High
3002-WQZWT,Month-to-month,29,74.2,Fiber optic,0,0.6895006,High
2873-ZLIWT,Month-to-month,40,84.85,Fiber optic,2,0.6894454,High
4789-KWMXN,One year,47,110.85,Fiber optic,5,0.68933374,High
1862-SKORY,Month-to-month,40,39.3,DSL,2,0.68926936,High
7675-OZCZG,Month-to-month,3,45.0,DSL,0,0.6891083,High
8919-FYFQZ,Month-to-month,44,30.35,DSL,1,0.6890995,High
4248-QPAVC,Month-to-month,17,85.35,Fiber optic,2,0.68900585,High
5536-SLHPM,Month-to-month,55,77.75,Fiber optic,1,0.6888647,High
6166-ILMNY,Month-to-month,2,69.75,Fiber optic,0,0.68883204,High
8017-LXHFA,Month-to-month,23,94.75,Fiber optic,3,0.68879586,High
8950-MTZNV,Month-to-month,1,44.95,DSL,0,0.68847024,High
8710-YGLWG,Month-to-month,1,44.9,DSL,0,0.68847024,High
2460-FPSYH,Month-to-month,40,55.8,DSL,4,0.6880517,High
0533-BNWKF,Month-to-month,55,85.45,Fiber optic,2,0.68800753,High
8631-WUXGY,Month-to-month,46,99.8,Fiber optic,4,0.6877828,High
6650-VJONK,Month-to-month,1,43.85,DSL,0,0.6870318,High
5180-UCIIQ,Month-to-month,22,40.05,DSL,2,0.6868829,High
1384-RCUXW,Month-to-month,16,80.55,Fiber optic,1,0.6867718,High
3439-GVUSX,Month-to-month,1,24.4,DSL,0,0.6867289,High
8019-ENHXU,Month-to-month,42,99.45,Fiber optic,4,0.6866111,High
1323-OOEPC,Month-to-month,53,98.4,Fiber optic,3,0.6863558,High
1597-LHYNC,Month-to-month,26,95.0,Fiber optic,3,0.6863045,High
8617-ENBDS,Month-to-month,3,73.6,Fiber optic,1,0.68622226,High
4154-AQUGT,Month-to-month,13,89.05,Fiber optic,3,0.6862039,High
3370-GQEAL,Month-to-month,30,85.45,Fiber optic,1,0.6860819,High
1101-SSWAG,Month-to-month,15,51.1,DSL,0,0.68519765,High
9898-KZQDZ,Month-to-month,40,94.55,Fiber optic,2,0.68499625,High
8993-PHFWD,Month-to-month,3,25.25,DSL,0,0.6849751,High
5759-RCVCB,Month-to-month,3,35.2,DSL,1,0.6848231,High
6599-SFQVE,Month-to-month,6,55.0,DSL,1,0.68476117,High
6022-UGGSO,Month-to-month,32,74.4,Fiber optic,1,0.6847169,High
8740-XLHDR,Month-to-month,5,43.25,DSL,4,0.6846681,High
2720-FVBQP,Month-to-month,6,48.95,DSL,0,0.6845944,High
5295-PCJOO,Month-to-month,4,49.4,DSL,1,0.68455476,High
3798-EPWRR,Month-to-month,2,43.95,DSL,0,0.6843975,High
5572-ZDXHY,Month-to-month,22,84.3,Fiber optic,2,0.6837913,High
0578-SKVMF,Month-to-month,22,83.3,Fiber optic,2,0.6836822,High
6362-QHAFM,One year,42,108.3,Fiber optic,4,0.6833454,High
5175-AOBHI,Month-to-month,4,46.0,DSL,0,0.6831772,High
9866-QEVEE,Month-to-month,19,86.0,Fiber optic,1,0.68312013,High
6637-KYRCV,Month-to-month,5,30.5,DSL,1,0.6830828,High
8059-UDZFY,Month-to-month,33,105.35,Fiber optic,4,0.68243575,High
2654-VBVPB,Month-to-month,1,19.9,No,0,0.6823101,High
9206-GVPEQ,Month-to-month,13,54.45,DSL,4,0.6820269,High
9927-DSWDF,Month-to-month,22,104.6,Fiber optic,5,0.68200904,High
7404-JLKQG,Month-to-month,3,57.55,DSL,2,0.6818819,High
6038-GCYEC,Month-to-month,24,54.15,DSL,4,0.6817107,High
4911-BANWH,Month-to-month,31,86.55,Fiber optic,1,0.6817014,High
2311-QYMUQ,Month-to-month,16,89.45,Fiber optic,3,0.6814873,High
2011-TRQYE,Month-to-month,18,33.5,DSL,2,0.68144107,High
3278-FSIXX,Month-to-month,2,45.25,DSL,0,0.68140405,High
1219-NNDDO,Month-to-month,9,76.85,Fiber optic,0,0.6812697,High
5016-ETTFF,Month-to-month,10,29.5,DSL,1,0.6811372,High
5605-IYGFG,Month-to-month,7,69.85,Fiber optic,0,0.68107593,High
2277-DJJDL,Month-to-month,60,99.0,Fiber optic,3,0.68106335,High
2856-NNASM,Month-to-month,43,89.55,Fiber optic,2,0.68103236,High
7129-ACFOG,Month-to-month,5,53.8,DSL,1,0.6809558,High
4183-MYFRB,Month-to-month,21,90.05,Fiber optic,3,0.6805702,High
7470-MCQTK,Month-to-month,13,48.75,DSL,3,0.68056977,High
0388-EOPEX,Month-to-month,2,74.4,Fiber optic,1,0.68041915,High
6719-OXYBR,Month-to-month,15,85.3,Fiber optic,2,0.68036586,High
5055-MGMGF,Month-to-month,65,105.05,Fiber optic,4,0.68032724,High
0032-PGELS,Month-to-month,1,30.5,DSL,1,0.6803023,High
6778-YSNIH,Month-to-month,2,59.0,DSL,2,0.6801185,High
0611-DFXKO,Month-to-month,20,89.0,Fiber optic,2,0.6800021,High
9895-VFOXH,Month-to-month,1,24.4,DSL,0,0.67956865,High
4446-BZKHU,Month-to-month,61,105.55,Fiber optic,4,0.67952144,High
4760-XOHVN,Month-to-month,1,19.45,No,0,0.67951345,High
2018-PZKMU,Month-to-month,9,103.1,Fiber optic,4,0.6790067,High
2831-EBWRN,Month-to-month,4,45.9,DSL,0,0.6788209,High
9112-WSNPU,Month-to-month,35,70.55,Fiber optic,0,0.67798746,High
1236-WFCDV,Month-to-month,14,90.45,Fiber optic,2,0.67789596,High
1469-LBJQJ,Month-to-month,66,105.2,Fiber optic,4,0.6777743,High
0415-MOSGF,Month-to-month,1,44.4,DSL,0,0.6777323,High
6559-PDZLR,Month-to-month,26,98.65,Fiber optic,4,0.67734236,High
5356-RHIPP,Month-to-month,1,20.2,No,0,0.6772637,High
8305-VHZBZ,Month-to-month,1,20.2,No,0,0.6772637,High
7233-DRTRF,Month-to-month,63,102.4,Fiber optic,4,0.6770459,High
2433-KMEAS,Month-to-month,22,54.45,DSL,1,0.67669696,High
5404-GGUKR,Month-to-month,5,51.35,DSL,1,0.67656386,High
6397-JNZZG,Month-to-month,43,55.55,DSL,4,0.6764449,High
2955-PSXOE,Month-to-month,1,20.2,No,0,0.6763063,High
1956-YIFGE,One year,22,100.05,Fiber optic,4,0.6758107,High
0015-UOCOJ,Month-to-month,7,48.2,DSL,1,0.67579293,High
8565-CLBZW,Month-to-month,24,89.85,Fiber optic,2,0.67547375,High
6145-NNPNO,Month-to-month,1,44.15,DSL,0,0.67545706,High
2911-UREFD,Month-to-month,39,55.9,DSL,4,0.6748468,High
4727-MCYZG,Month-to-month,1,55.55,DSL,1,0.6746747,High
2372-HWUHI,Month-to-month,2,44.35,DSL,0,0.6745061,High
3571-RFHAR,Month-to-month,65,109.15,Fiber optic,5,0.6743254,High
9050-QLROH,Month-to-month,18,90.7,Fiber optic,2,0.6743013,High
1335-NTIUC,Month-to-month,9,24.95,DSL,0,0.67425245,High
1608-GMEWB,Month-to-month,45,93.9,Fiber optic,2,0.67423457,High
0397-GZBBC,Month-to-month,59,93.85,Fiber optic,2,0.6737066,High
7562-GSUHK,Month-to-month,16,93.2,Fiber optic,3,0.6734709,High
9851-KIELU,Month-to-month,10,110.1,Fiber optic,6,0.67342335,High
6982-SSHFK,Month-to-month,1,44.4,DSL,0,0.67302483,High
0256-LTHVJ,Month-to-month,28,81.05,Fiber optic,1,0.6730205,High
6877-LGWXO,Month-to-month,18,78.55,Fiber optic,1,0.672861,High
4998-IKFSE,Month-to-month,30,100.45,Fiber optic,3,0.6728594,High
9667-EQRXU,Month-to-month,30,40.3,DSL,2,0.6725139,High
8020-BWHYL,Month-to-month,15,75.3,Fiber optic,1,0.67208683,High
4558-FANTW,Month-to-month,17,91.85,Fiber optic,3,0.6720591,High
9283-LZQOH,Month-to-month,13,74.4,Fiber optic,0,0.6719009,High
6654-QGBZZ,Month-to-month,1,19.9,No,0,0.67170334,High
7878-RTCZG,Month-to-month,1,19.9,No,0,0.67170334,High
3900-AQPHZ,Month-to-month,1,19.9,No,0,0.67170334,High
8818-XYFCQ,Month-to-month,32,99.55,Fiber optic,3,0.6714497,High
7855-DIWPO,Month-to-month,21,68.65,Fiber optic,0,0.6711662,High
1754-GKYPY,Month-to-month,22,89.75,Fiber optic,2,0.670929,High
7379-FNIUJ,Month-to-month,2,100.2,Fiber optic,4,0.6707999,High
0958-YHXGP,Month-to-month,7,69.9,Fiber optic,0,0.6700925,High
8785-CJSHH,Month-to-month,60,99.8,Fiber optic,3,0.6697253,High
7503-QQRVF,Month-to-month,16,74.3,Fiber optic,1,0.6695458,High
3797-FKOGQ,Month-to-month,11,86.2,Fiber optic,1,0.669326,High
4661-NJEUX,Month-to-month,1,20.05,No,0,0.6689738,High
4566-GOLUK,Month-to-month,47,107.35,Fiber optic,4,0.6688214,High
9885-AIBVB,Month-to-month,29,85.8,Fiber optic,2,0.6688175,High
9168-INPSZ,Month-to-month,44,104.15,Fiber optic,4,0.668264,High
2189-WWOEW,Month-to-month,15,85.9,Fiber optic,2,0.667904,High
7978-DKUQH,Month-to-month,25,74.6,Fiber optic,1,0.66765165,High
9944-AEXBM,Month-to-month,32,85.65,Fiber optic,1,0.66764796,High
4797-AXPXK,Month-to-month,1,60.0,DSL,3,0.66756994,High
0537-QYZZN,Month-to-month,24,79.85,Fiber optic,1,0.667353,High
9572-WUKSB,Month-to-month,3,29.9,DSL,1,0.6671606,High
3763-GCZHZ,One year,66,104.05,Fiber optic,4,0.6671311,High
9412-GHEEC,Month-to-month,40,104.8,Fiber optic,4,0.6669923,High
3679-XASPY,Month-to-month,1,19.45,No,0,0.66663086,High
3806-DXQOM,Month-to-month,4,33.65,DSL,2,0.66655046,High
5453-AXEPF,Month-to-month,17,80.5,Fiber optic,1,0.6663855,High
7206-PQBBZ,Month-to-month,11,70.2,Fiber optic,0,0.66634107,High
5522-JBWMO,Month-to-month,1,44.0,DSL,0,0.6663025,High
2672-TGEFF,Month-to-month,37,88.8,Fiber optic,2,0.66616815,High
1932-UEDCX,Month-to-month,33,100.6,Fiber optic,3,0.6659691,High
2692-BUCFV,Month-to-month,29,101.45,Fiber optic,4,0.66561365,High
3003-CMDUU,Month-to-month,25,95.15,Fiber optic,3,0.6654928,High
2478-EEWWM,Month-to-month,59,44.3,DSL,2,0.6654908,High
8199-ZLLSA,One year,67,118.35,Fiber optic,6,0.6649099,High
3424-NMNBO,One year,58,108.85,Fiber optic,5,0.66476285,High
0585-EGDDA,Month-to-month,40,80.0,Fiber optic,2,0.66443986,High
5998-VVEJY,Month-to-month,26,80.5,Fiber optic,1,0.6643496,High
8387-MOJJT,Month-to-month,42,77.95,Fiber optic,1,0.6640178,High
9445-SZLCH,Month-to-month,36,97.35,Fiber optic,3,0.6637272,High
5175-WLYXL,Month-to-month,22,78.85,Fiber optic,1,0.66370326,High
9158-VCTQB,Month-to-month,41,113.6,Fiber optic,6,0.663628,High
6179-GJPSO,Month-to-month,43,108.15,Fiber optic,5,0.6634931,High
5982-FPVQN,Month-to-month,37,95.15,Fiber optic,3,0.66342705,High
1452-KIOVK,Month-to-month,22,89.1,Fiber optic,2,0.663263,High
7534-BFESC,Month-to-month,24,76.1,Fiber optic,0,0.66308254,High
7562-UXTPG,Month-to-month,13,70.15,Fiber optic,0,0.66283005,High
5960-MVTUK,Month-to-month,3,29.75,DSL,1,0.66273534,High
9269-CQOOL,Month-to-month,3,54.7,DSL,1,0.66252404,High
7579-OOPEC,Month-to-month,2,50.15,DSL,1,0.6624717,High
6988-CJEYV,Month-to-month,49,98.7,Fiber optic,3,0.6618145,High
1622-HSHSF,Month-to-month,1,19.55,No,0,0.6617301,High
8160-HOWOX,Month-to-month,7,66.85,DSL,2,0.66155165,High
0315-LVCRK,Month-to-month,11,84.8,Fiber optic,2,0.66153294,High
7748-UMTRK,Month-to-month,30,101.3,Fiber optic,3,0.6615199,High
7580-UGXNC,Month-to-month,2,54.85,DSL,2,0.66140974,High
8212-CRQXP,Month-to-month,22,80.0,Fiber optic,1,0.6611414,High
5108-ADXWO,Month-to-month,11,73.5,Fiber optic,1,0.6611161,High
0634-SZPQA,Month-to-month,23,90.05,Fiber optic,2,0.66092426,High
6770-XUAGN,Month-to-month,1,21.0,No,0,0.6608164,High
2657-ALMWY,Month-to-month,26,84.95,Fiber optic,2,0.6608016,High
4947-DSMXK,Month-to-month,34,97.7,Fiber optic,3,0.66064775,High
4512-ZUIYL,Month-to-month,2,70.0,Fiber optic,0,0.6605471,High
1444-VVSGW,One year,70,115.65,Fiber optic,6,0.66050637,High
1989-PRJHP,Month-to-month,27,75.5,Fiber optic,0,0.6604255,High
3336-JORSO,Month-to-month,33,110.45,Fiber optic,5,0.6603469,High
5673-TIYIB,Month-to-month,2,40.4,DSL,3,0.6602151,High
8654-DHAOW,Month-to-month,2,54.15,DSL,1,0.659916,High
7641-EUYET,Month-to-month,46,100.7,Fiber optic,4,0.65988487,High
4948-WBBKL,Month-to-month,36,74.9,Fiber optic,0,0.65971375,High
7975-TZMLR,One year,47,103.1,Fiber optic,4,0.65965676,High
4881-JVQOD,Month-to-month,10,34.55,DSL,1,0.6595781,High
2947-DOMLJ,Month-to-month,1,50.6,DSL,1,0.6595645,High
1302-UHBDD,Month-to-month,20,89.95,Fiber optic,2,0.65955436,High
5154-VEKBL,Month-to-month,9,58.5,DSL,5,0.65953857,High
7126-RBHSD,Month-to-month,17,78.9,Fiber optic,1,0.65915537,High
5999-LCXAO,Month-to-month,1,29.9,DSL,1,0.6585913,High
1580-BMCMR,Month-to-month,19,87.3,Fiber optic,2,0.65844315,High
0407-BDJKB,Month-to-month,60,95.75,Fiber optic,3,0.65839404,High
6734-GMPVK,Month-to-month,5,105.3,Fiber optic,4,0.658241,High
6286-SUUWT,Month-to-month,1,19.95,No,0,0.65823585,High
9450-TRJUU,Month-to-month,35,83.15,Fiber optic,1,0.65822077,High
5141-ZUVBH,Month-to-month,9,93.0,Fiber optic,4,0.65818727,High
5609-IMCGG,Month-to-month,15,84.35,Fiber optic,2,0.657679,High
0096-BXERS,Month-to-month,6,50.35,DSL,0,0.65732676,High
3755-JBMNH,Month-to-month,16,71.8,Fiber optic,0,0.6572701,High
7733-UDMTP,Month-to-month,57,55.0,DSL,4,0.6572023,High
2823-LKABH,Month-to-month,18,95.05,Fiber optic,3,0.65712065,High
9249-FXSCK,One year,52,111.25,Fiber optic,5,0.65705603,High
6771-XWBDM,Month-to-month,57,104.5,Fiber optic,4,0.6569365,High
2637-FKFSY,Month-to-month,3,46.1,DSL,0,0.65681976,High
9667-TKTVZ,Month-to-month,2,54.35,DSL,1,0.65673965,High
5226-NOZFC,Month-to-month,26,85.75,Fiber optic,2,0.6564445,High
9732-KPKBW,Month-to-month,1,53.95,DSL,2,0.6554095,High
5899-OUVKV,Month-to-month,31,94.5,Fiber optic,3,0.6552079,High
8260-NGFNY,Month-to-month,1,25.2,DSL,0,0.65508485,High
2582-FFFZR,Month-to-month,22,50.6,DSL,3,0.6550031,High
0727-BMPLR,One year,55,100.0,Fiber optic,3,0.6548102,High
4143-HHPMK,Month-to-month,52,85.35,Fiber optic,2,0.6546599,High
7694-VLBWQ,One year,67,104.1,Fiber optic,4,0.6539722,High
0402-CQAJN,Month-to-month,37,101.9,Fiber optic,4,0.6539338,High
1346-UFHAX,Month-to-month,13,80.0,Fiber optic,1,0.6536681,High
9722-UJOJR,Month-to-month,29,70.75,Fiber optic,0,0.65343434,High
0139-IVFJG,Month-to-month,2,90.35,Fiber optic,3,0.65334004,High
0430-IHCDJ,Month-to-month,15,49.0,DSL,0,0.6532133,High
1670-SVOWZ,Month-to-month,14,89.65,Fiber optic,3,0.65317065,High
5858-EAFCZ,Month-to-month,1,44.45,DSL,0,0.65298223,High
5119-KEPFY,Month-to-month,36,95.0,Fiber optic,2,0.65292954,High
7486-KSRVI,One year,43,100.0,Fiber optic,3,0.65288335,High
8990-ZXLSU,Month-to-month,9,69.05,Fiber optic,0,0.65283626,High
3677-TNKIO,Month-to-month,14,71.0,Fiber optic,0,0.65269387,High
8695-ARGXZ,Month-to-month,34,75.55,Fiber optic,0,0.6522007,High
1493-AMTIE,Month-to-month,1,20.2,No,0,0.65159565,High
1894-IGFSG,Month-to-month,22,89.25,Fiber optic,2,0.6515377,High
9574-RKJIF,Month-to-month,30,94.4,Fiber optic,3,0.6514053,High
6135-OZQVA,Month-to-month,7,53.65,DSL,1,0.6513909,High
3956-MGXOG,Month-to-month,28,80.6,Fiber optic,1,0.65112203,High
3717-OFRTN,Month-to-month,1,19.75,No,0,0.6510772,High
1113-IUJYX,One year,14,105.95,Fiber optic,5,0.6510597,High
7517-SAWMO,Month-to-month,19,73.2,Fiber optic,1,0.6505054,High
4137-BTIKL,Month-to-month,2,90.75,Fiber optic,2,0.6504598,High
2974-GGUXS,Month-to-month,36,91.95,Fiber optic,2,0.65018153,High
2969-QWUBZ,Month-to-month,2,51.4,DSL,3,0.6500656,High
8189-XRIKE,Month-to-month,32,90.95,Fiber optic,2,0.64985734,High
7410-OIEDU,Month-to-month,10,79.85,Fiber optic,2,0.64929295,High
4690-LLKUA,Month-to-month,17,45.05,DSL,0,0.64924014,High
8123-QBNAZ,Month-to-month,36,104.5,Fiber optic,4,0.64907,High
7248-VZQLC,Month-to-month,47,85.2,Fiber optic,2,0.6488828,High
8404-GFGCZ,Month-to-month,4,65.6,DSL,2,0.6487378,High
0963-ZBDRN,Month-to-month,32,96.2,Fiber optic,3,0.6487124,High
7758-XKCBS,Month-to-month,15,29.7,DSL,1,0.64831996,High
0748-RDGGM,One year,70,109.5,Fiber optic,6,0.6478849,High
8456-QDAVC,Month-to-month,19,78.7,Fiber optic,1,0.6474192,High
9398-MMQTO,Month-to-month,3,74.45,Fiber optic,1,0.6471572,High
4570-QHXHL,Month-to-month,9,43.75,DSL,0,0.6469093,High
8205-OTCHB,One year,22,43.75,DSL,3,0.64671755,High
6581-NQCBA,Month-to-month,16,49.95,DSL,3,0.64647377,High
2501-XWWTZ,Month-to-month,11,70.2,Fiber optic,0,0.6461157,High
7853-WNZSY,Month-to-month,1,19.75,No,0,0.64594334,High
3647-GMGDH,Month-to-month,22,94.7,Fiber optic,3,0.6458199,High
1816-FLZDK,Month-to-month,1,29.15,DSL,1,0.6456709,High
8468-EHYJA,Month-to-month,57,99.65,Fiber optic,3,0.64558464,High
6656-JWRQX,Month-to-month,1,30.55,DSL,1,0.64544505,High
3085-QUOZK,Month-to-month,1,43.95,DSL,0,0.6450849,High
5889-JTMUL,Month-to-month,50,95.05,Fiber optic,3,0.6450458,High
8695-WDYEA,Month-to-month,1,51.25,DSL,1,0.6444174,High
0581-MDMPW,Month-to-month,24,88.95,Fiber optic,2,0.64435583,High
9992-UJOEL,Month-to-month,2,50.3,DSL,1,0.64431506,High
5922-ABDVO,Month-to-month,19,89.65,Fiber optic,2,0.6440601,High
1156-ZFYDO,Month-to-month,1,19.75,No,0,0.6439295,High
6402-EJMWF,Month-to-month,4,55.3,DSL,1,0.6433937,High
1135-LMECX,Month-to-month,1,19.85,No,0,0.6433391,High
0111-KLBQG,Month-to-month,32,93.95,Fiber optic,3,0.6432745,High
2209-XADXF,Month-to-month,1,25.25,DSL,0,0.64302456,High
1767-TGTKO,Month-to-month,8,45.45,DSL,0,0.64297664,High
6633-MPWBS,Month-to-month,5,49.2,DSL,1,0.64287853,High
1216-JWVUX,Month-to-month,25,75.5,Fiber optic,1,0.64283395,High
5515-IDEJJ,Month-to-month,1,19.9,No,0,0.64267695,High
0701-RFGFI,Month-to-month,49,95.4,Fiber optic,2,0.6426231,High
4061-UKJWL,Month-to-month,3,45.45,DSL,0,0.6425748,High
2672-OJQZP,Month-to-month,1,44.75,DSL,0,0.642535,High
4583-PARNH,Month-to-month,16,91.55,Fiber optic,3,0.64215624,High
9904-EHEVJ,Month-to-month,32,91.35,Fiber optic,2,0.64201754,High
9620-ENEJV,Month-to-month,6,70.55,Fiber optic,0,0.6419376,High
7460-ITWWP,Month-to-month,45,86.1,Fiber optic,2,0.6417512,High
5651-YLPRD,Month-to-month,32,86.1,Fiber optic,2,0.64163023,High
4877-EVATK,Month-to-month,1,20.0,No,0,0.64096355,High
7698-YFGEZ,Month-to-month,1,20.0,No,0,0.64096355,High
3167-SNQPL,Month-to-month,38,101.15,Fiber optic,3,0.6408397,High
7853-OETYL,Month-to-month,4,29.05,DSL,1,0.64076805,High
7625-XCQRH,Month-to-month,11,76.5,Fiber optic,0,0.64064556,High
3807-XHCJH,Month-to-month,1,20.0,No,0,0.6405742,High
5099-BAILX,Month-to-month,43,110.75,Fiber optic,5,0.64032304,High
1319-YLZJG,Month-to-month,12,84.6,Fiber optic,3,0.6401521,High
7251-LJBQN,One year,40,103.75,Fiber optic,4,0.64000773,High
6425-YQLLO,One year,66,105.95,Fiber optic,4,0.63993144,High
9063-ZGTUY,Month-to-month,61,19.4,No,0,0.6399256,High
6537-QLGEX,Month-to-month,16,38.9,DSL,2,0.6397838,High
4255-DDUOU,Month-to-month,1,20.5,No,0,0.63973546,High
4937-QPZPO,One year,61,99.9,Fiber optic,3,0.6393866,High
7627-JKIAZ,Month-to-month,37,78.95,Fiber optic,1,0.63924944,High
2359-QWQUL,One year,39,104.7,Fiber optic,5,0.6391294,High
1895-QTKDO,Month-to-month,1,43.95,DSL,0,0.6389603,High
3955-JBZZM,Month-to-month,20,78.8,Fiber optic,1,0.6389366,High
1728-BQDMA,Month-to-month,2,44.45,DSL,0,0.6381959,High
1095-JUDTC,Month-to-month,47,95.05,Fiber optic,3,0.6381572,High
7774-OJSXI,One year,31,103.45,Fiber optic,4,0.6381404,High
2309-OSFEU,Month-to-month,10,33.9,DSL,1,0.6380269,High
4892-VLANZ,Month-to-month,1,19.8,No,0,0.6377587,High
6410-LEFEN,Month-to-month,9,45.15,DSL,0,0.63768834,High
4146-SVFUD,Month-to-month,1,44.6,DSL,0,0.6375883,High
3506-LCJDC,Month-to-month,1,19.95,No,0,0.6375879,High
3415-TAILE,Month-to-month,2,65.7,DSL,2,0.6373582,High
5389-FFVKB,Month-to-month,32,80.3,Fiber optic,1,0.6371579,High
2235-ZGKPT,Month-to-month,4,50.85,DSL,0,0.63714105,High
1552-AAGRX,Month-to-month,30,106.4,Fiber optic,4,0.63662094,High
4958-GZWIY,Month-to-month,7,48.7,DSL,1,0.6366071,High
4879-GZLFH,Month-to-month,42,92.15,Fiber optic,3,0.63640803,High
9508-ILZDG,Month-to-month,34,96.35,Fiber optic,3,0.6362673,High
4116-TZAQJ,Month-to-month,9,74.25,Fiber optic,1,0.6356049,High
3943-KDREE,Month-to-month,26,74.95,Fiber optic,0,0.63550824,High
3540-RZJYU,Month-to-month,15,86.2,Fiber optic,2,0.6355072,High
6240-EURKS,Month-to-month,18,35.0,DSL,1,0.63525933,High
5498-TXHLF,Month-to-month,34,87.45,Fiber optic,2,0.6350671,High
6557-BZXLQ,Month-to-month,16,69.65,Fiber optic,0,0.63485086,High
2101-RANCD,Month-to-month,55,73.1,Fiber optic,0,0.63482815,High
2955-BJZHG,Month-to-month,17,80.85,Fiber optic,1,0.6340626,High
8450-UYIBU,Month-to-month,35,39.85,DSL,2,0.63398904,High
3737-XBQDD,Month-to-month,24,84.85,Fiber optic,2,0.6339668,High
0674-DGMAQ,Month-to-month,32,93.5,Fiber optic,3,0.633434,High
5461-QKNTN,Month-to-month,43,94.3,Fiber optic,3,0.63333684,High
6284-AHOOQ,Month-to-month,22,90.5,Fiber optic,2,0.6330045,High
2239-JALAW,One year,58,103.25,Fiber optic,4,0.6327212,High
3445-HXXGF,Month-to-month,58,45.3,DSL,3,0.6326737,High
1035-IPQPU,Month-to-month,63,103.5,Fiber optic,4,0.632082,High
2606-RMDHZ,Month-to-month,6,30.5,DSL,1,0.6318546,High
7993-PYKOF,Month-to-month,8,75.0,Fiber optic,1,0.63181293,High
2842-BCQGE,Month-to-month,43,75.35,Fiber optic,0,0.6317934,High
7296-PIXQY,Month-to-month,14,70.2,Fiber optic,0,0.6316869,High
6458-CYIDZ,Month-to-month,5,80.7,Fiber optic,2,0.63168496,High
2683-BPJSO,Month-to-month,29,84.45,Fiber optic,2,0.6316484,High
4291-HPAXL,Month-to-month,1,19.85,No,0,0.6316334,High
2347-WKKAE,Month-to-month,42,94.4,Fiber optic,3,0.6311467,High
1226-UDFZR,Month-to-month,2,49.6,DSL,1,0.63102,High
2043-WVTQJ,Month-to-month,1,55.7,DSL,2,0.63086367,High
4503-BDXBD,Month-to-month,11,74.95,Fiber optic,1,0.63054377,High
9448-REEVD,Month-to-month,1,44.7,DSL,0,0.63051885,High
1597-FZREH,Month-to-month,2,76.4,DSL,4,0.63050103,High
5493-SDRDQ,Month-to-month,2,55.1,DSL,2,0.63031036,High
4329-YPDDQ,Month-to-month,20,108.2,Fiber optic,6,0.62966174,High
2074-GUHPQ,Month-to-month,17,92.7,Fiber optic,3,0.6296094,High
7291-CDTMJ,Month-to-month,1,19.65,No,0,0.6294477,High
7852-LECYP,Month-to-month,13,93.8,Fiber optic,3,0.6292542,High
7547-EKNFS,Month-to-month,42,95.25,Fiber optic,3,0.6291659,High
7924-GJZFI,Month-to-month,25,69.3,Fiber optic,0,0.62910044,High
0082-OQIQY,Month-to-month,29,94.2,Fiber optic,3,0.6289316,High
5118-MUEYH,Month-to-month,48,105.1,Fiber optic,4,0.6285119,High
7895-VONWT,Month-to-month,25,48.25,DSL,3,0.6284316,High
5035-BVCXS,Month-to-month,11,75.9,Fiber optic,1,0.6281167,High
0587-DMGBH,Month-to-month,8,49.85,DSL,1,0.6280044,High
2302-ANTDP,Month-to-month,48,117.45,Fiber optic,6,0.6277936,High
3058-HJCUY,One year,41,102.6,Fiber optic,4,0.6268727,High
5649-VUKMC,One year,12,95.5,Fiber optic,3,0.6268338,High
9564-KCLHR,Month-to-month,1,51.25,DSL,1,0.6265618,High
2826-DXLQO,Month-to-month,7,29.8,DSL,1,0.62651086,High
3577-AMVUX,Month-to-month,1,55.05,DSL,2,0.6261064,High
9776-CLUJA,Month-to-month,51,77.5,Fiber optic,1,0.6258728,High
1142-WACZW,Month-to-month,2,29.85,DSL,1,0.625437,High
5281-BUZGT,Month-to-month,36,90.85,Fiber optic,2,0.6249735,High
8728-SKJLR,Month-to-month,41,74.25,Fiber optic,1,0.6249175,High
6923-JHPMP,Month-to-month,2,80.45,Fiber optic,2,0.62425196,High
4662-EKDPQ,Month-to-month,2,62.05,DSL,1,0.6239827,High
8155-IBNHG,Month-to-month,24,75.4,Fiber optic,0,0.6238223,High
8849-AYPTR,Month-to-month,33,91.25,Fiber optic,2,0.622903,High
2869-ADAWR,Month-to-month,45,89.3,Fiber optic,2,0.6226132,High
7967-HYCDE,Month-to-month,8,70.7,Fiber optic,0,0.62256825,High
0089-IIQKO,Month-to-month,39,99.95,Fiber optic,3,0.62255096,High
3930-ZGWVE,Month-to-month,1,19.75,No,0,0.62250537,High
7239-HZZCX,Month-to-month,1,19.75,No,0,0.62250537,High
5701-SVCWR,Month-to-month,1,24.0,No,0,0.62226045,High
9576-SYUHJ,Month-to-month,37,91.15,Fiber optic,2,0.62196386,High
5287-QWLKY,Month-to-month,71,105.1,Fiber optic,4,0.6216392,High
8645-KWHJO,Month-to-month,14,55.0,DSL,4,0.6214541,High
7892-QVYKW,Month-to-month,23,85.6,Fiber optic,1,0.62127537,High
5057-LCOUI,Month-to-month,39,50.75,DSL,3,0.62103266,High
5222-IMUKT,Month-to-month,32,91.05,Fiber optic,2,0.6210133,High
7351-KYHQH,Month-to-month,7,64.95,DSL,3,0.62090266,High
8444-WRIDW,Month-to-month,66,80.45,Fiber optic,1,0.6208895,High
4208-UFFGW,Month-to-month,2,44.95,DSL,0,0.6208517,High
1845-ZLLIG,Month-to-month,1,50.15,DSL,1,0.6205171,High
0829-XXPLX,Month-to-month,20,89.4,Fiber optic,3,0.6204735,High
1582-RAFML,Month-to-month,1,60.1,DSL,2,0.62034374,High
9381-NDKME,Month-to-month,24,40.65,DSL,2,0.6202286,High
1502-XFCVR,One year,58,106.45,Fiber optic,5,0.61994207,High
4840-ORQXB,Month-to-month,56,104.75,Fiber optic,4,0.6198647,High
5804-HYIEZ,Month-to-month,70,106.05,Fiber optic,4,0.6191825,High
0310-MVLET,Month-to-month,61,99.15,Fiber optic,3,0.6191795,High
1396-QWFBJ,Month-to-month,21,74.05,Fiber optic,1,0.6191109,High
4658-HCOHW,Month-to-month,21,102.8,Fiber optic,5,0.6189994,High
5707-ORNDZ,Month-to-month,9,54.55,DSL,1,0.61899394,High
9537-VHDTA,Month-to-month,1,51.2,DSL,1,0.6183469,High
4818-DRBQT,Month-to-month,29,80.15,Fiber optic,1,0.61829084,High
6304-IJFSQ,Month-to-month,3,49.9,DSL,1,0.61827546,High
7714-YXSMB,Month-to-month,26,100.5,Fiber optic,3,0.61810607,High
7422-WNBTY,Month-to-month,33,93.35,Fiber optic,3,0.6179804,High
2911-WDXMV,Month-to-month,18,80.55,Fiber optic,1,0.61779225,High
4360-PNRQB,Month-to-month,18,75.6,Fiber optic,0,0.61762315,High
9281-OFDMF,Month-to-month,39,90.7,Fiber optic,2,0.6175973,High
1349-WXNGG,Month-to-month,1,20.05,No,0,0.6175854,High
8544-GOQSH,Month-to-month,14,80.05,Fiber optic,2,0.6174211,High
3665-JATSN,Month-to-month,19,39.7,DSL,2,0.6172806,High
8696-JKZNU,Month-to-month,37,76.25,Fiber optic,0,0.6172659,High
7481-ATQQS,Month-to-month,49,90.85,Fiber optic,2,0.61722225,High
6542-LWGXJ,Month-to-month,3,25.0,DSL,0,0.6169851,High
0817-HSUSE,Month-to-month,1,75.5,DSL,4,0.6169419,High
9003-CPATH,Month-to-month,42,79.9,Fiber optic,1,0.6167828,High
7134-MJPDY,One year,66,102.85,Fiber optic,4,0.61655986,High
7551-JOHTI,Month-to-month,1,19.5,No,0,0.6164868,High
1905-OEILC,Month-to-month,1,19.5,No,0,0.6164868,High
0311-UNPFF,Month-to-month,26,88.8,Fiber optic,2,0.6164414,High
6439-GTPCA,Month-to-month,45,87.25,Fiber optic,2,0.6164388,High
1845-CSBRZ,Month-to-month,22,85.35,Fiber optic,1,0.61623496,High
9821-BESNZ,One year,66,104.25,Fiber optic,4,0.61616457,High
7504-UWHNB,Month-to-month,25,69.75,Fiber optic,0,0.61615366,High
3426-NIYYL,Month-to-month,15,51.55,DSL,0,0.6157592,High
6180-YBIQI,Month-to-month,5,24.3,DSL,0,0.61563164,High
9529-OFXHY,Month-to-month,15,87.75,Fiber optic,2,0.6155177,High
0778-NELLA,Month-to-month,9,34.7,DSL,1,0.6153876,High
0691-NIKRI,One year,40,105.95,Fiber optic,4,0.61538607,High
9274-UARKJ,Month-to-month,15,83.2,Fiber optic,2,0.61535907,High
1536-HBSWP,Month-to-month,1,49.9,DSL,1,0.6152014,High
5977-CKHON,Month-to-month,43,92.55,Fiber optic,2,0.61510026,High
1481-ZUWZA,Month-to-month,28,94.5,Fiber optic,3,0.6149582,High
6124-ACRHJ,Month-to-month,1,19.75,No,0,0.61483604,High
2770-NSVDG,Month-to-month,24,29.1,DSL,1,0.61471236,High
3587-PMCOY,One year,10,98.9,Fiber optic,4,0.61455715,High
3452-ABWRL,Month-to-month,47,86.05,Fiber optic,1,0.6144132,High
1310-QRITU,Month-to-month,18,50.3,DSL,0,0.6141727,High
0348-SDKOL,Month-to-month,58,102.1,Fiber optic,4,0.61390096,High
7277-OZCGZ,Month-to-month,22,89.05,Fiber optic,3,0.61367327,High
7617-EYGLW,Month-to-month,1,19.45,No,0,0.6135483,High
1307-TVUFB,Month-to-month,42,79.35,Fiber optic,1,0.6134166,High
3082-VQXNH,Month-to-month,3,29.8,DSL,1,0.6127263,High
2408-TZMJL,One year,59,110.15,Fiber optic,5,0.6126481,High
1689-MRZQR,Month-to-month,34,78.3,Fiber optic,1,0.61231834,High
7483-IQWIB,Month-to-month,37,92.95,Fiber optic,3,0.6121251,High
5027-XWQHA,Month-to-month,6,44.75,DSL,0,0.6119517,High
8993-IZEUX,Month-to-month,7,69.15,Fiber optic,0,0.6119023,High
8563-OYMQY,Month-to-month,17,90.95,Fiber optic,3,0.6118154,High
7410-YTJIK,Month-to-month,7,75.45,Fiber optic,0,0.61174107,High
9962-BFPDU,Month-to-month,1,20.05,No,0,0.6115311,High
1324-NLTJE,Month-to-month,15,55.0,DSL,1,0.6115208,High
4760-THGOT,Month-to-month,43,94.1,Fiber optic,3,0.6114064,High
2359-KLTEK,Month-to-month,41,94.9,Fiber optic,3,0.6112887,High
0428-IKYCP,Month-to-month,22,87.0,Fiber optic,2,0.6112338,High
3683-QKIUE,Month-to-month,6,50.8,DSL,1,0.61067516,High
6022-KOUQO,Month-to-month,2,29.05,DSL,1,0.6106568,High
9661-MHUMO,Month-to-month,1,49.25,DSL,1,0.6105479,High
1635-FJFCC,Month-to-month,5,44.05,DSL,0,0.6104065,High
5533-NHFRF,Month-to-month,7,44.4,DSL,3,0.6102087,High
3987-KQDDU,Month-to-month,9,75.6,Fiber optic,1,0.6099565,High
7055-HNEOJ,Month-to-month,3,55.8,DSL,2,0.60994637,High
2190-BCXEC,Month-to-month,40,78.85,Fiber optic,1,0.6099303,High
3859-CVCET,Month-to-month,4,45.65,DSL,0,0.6098793,High
5294-DMSFH,Month-to-month,29,87.8,Fiber optic,2,0.60986555,High
9518-XXBXE,Month-to-month,10,75.3,Fiber optic,1,0.60985875,High
0410-IPFTY,Month-to-month,31,83.85,Fiber optic,2,0.60966855,High
2070-XYMFH,Month-to-month,23,79.35,Fiber optic,1,0.60925704,High
5950-AAAGJ,Month-to-month,18,84.3,Fiber optic,1,0.60924697,High
7312-XSBAT,Month-to-month,1,49.75,DSL,1,0.60919666,High
5485-WUYWF,Month-to-month,2,66.4,DSL,3,0.6085327,High
5074-FBGHB,One year,64,104.65,Fiber optic,4,0.60783845,High
8627-EHGIP,One year,44,53.95,DSL,4,0.6075255,High
4430-UZIPO,Month-to-month,3,36.85,DSL,2,0.60731065,High
0141-YEAYS,Month-to-month,27,86.45,Fiber optic,2,0.6064735,High
8229-TNIQA,Month-to-month,4,45.3,DSL,0,0.6063082,High
5813-UECBU,Month-to-month,33,83.85,Fiber optic,2,0.6063044,High
0867-MKZVY,Month-to-month,20,82.4,Fiber optic,1,0.60629684,High
9332-GYWLO,Month-to-month,6,54.85,DSL,1,0.6061138,High
4098-NAUKP,Month-to-month,68,84.65,Fiber optic,2,0.60583156,High
6243-OZGFH,Month-to-month,23,44.95,DSL,2,0.60528517,High
6339-DKLMK,Month-to-month,13,31.65,DSL,1,0.60523367,High
1391-UBDAR,Month-to-month,11,72.9,Fiber optic,1,0.6052327,High
7927-AUXBZ,Month-to-month,30,85.15,Fiber optic,2,0.60521036,High
0927-LCSMG,Month-to-month,7,74.65,Fiber optic,1,0.6049301,High
3656-TKRVZ,Month-to-month,3,55.35,DSL,2,0.6042816,High
9819-FBNSV,Month-to-month,37,72.25,Fiber optic,0,0.60394764,High
3137-LUPIX,Month-to-month,4,64.4,DSL,2,0.6038872,High
4628-CTTLA,Month-to-month,57,39.3,DSL,2,0.60362273,High
8564-LDKFL,One year,40,106.0,Fiber optic,4,0.6036157,High
3351-NGXYI,Month-to-month,16,54.1,DSL,1,0.603582,High
0570-BFQHT,Month-to-month,9,80.55,Fiber optic,2,0.6031805,High
6849-WLEYG,Month-to-month,1,19.75,No,0,0.6029618,High
5440-FLBQG,Two year,69,108.4,Fiber optic,5,0.6028877,High
6990-YNRIO,Two year,65,108.65,Fiber optic,5,0.6026598,High
4581-LNWUM,Month-to-month,13,49.15,DSL,3,0.6026318,High
2108-XWMPY,Month-to-month,3,35.45,DSL,2,0.60233915,High
2122-YWVYA,Month-to-month,18,75.4,Fiber optic,1,0.6020787,High
9318-NKNFC,Month-to-month,1,18.85,No,0,0.6020544,High
6353-BRMMA,Month-to-month,54,104.1,Fiber optic,4,0.60162365,High
9651-GTSAQ,One year,53,106.1,Fiber optic,5,0.601442,High
1406-PUQVY,Month-to-month,1,49.9,DSL,1,0.6013728,High
0178-SZBHO,Month-to-month,47,87.2,Fiber optic,2,0.60075724,High
5839-SUYVZ,Month-to-month,16,74.55,Fiber optic,1,0.6004049,High
4720-VSTSI,Month-to-month,44,84.8,Fiber optic,2,0.6003539,High
8384-FZBJK,Month-to-month,57,100.6,Fiber optic,3,0.60006845,High
2181-UAESM,Month-to-month,2,53.45,DSL,2,0.59992856,High
2523-EWWZL,Month-to-month,27,76.1,Fiber optic,1,0.5996355,High
3030-ZKIWL,Month-to-month,1,20.05,No,0,0.59962547,High
7096-UCLNH,Month-to-month,1,20.05,No,0,0.59962547,High
8749-CLJXC,Month-to-month,1,20.05,No,0,0.59962547,High
5356-CSVSQ,Month-to-month,3,64.6,DSL,2,0.59929144,High
7310-EGVHZ,Month-to-month,1,20.2,No,0,0.5988689,High
6543-CPZMK,Month-to-month,9,29.95,DSL,1,0.59873503,High
6233-HXJMX,Month-to-month,45,89.3,Fiber optic,2,0.5985894,High
1685-BQULA,Month-to-month,40,93.4,Fiber optic,3,0.59849894,High
3023-GFLBR,Month-to-month,33,86.15,Fiber optic,1,0.59846264,High
3569-EDBPQ,Month-to-month,24,84.35,Fiber optic,2,0.59844095,High
7739-LAXOG,Month-to-month,32,91.05,Fiber optic,2,0.5983244,High
7434-SHXLS,Month-to-month,1,20.9,No,0,0.5981948,High
0426-TIRNE,Month-to-month,1,20.9,No,0,0.5981948,High
7243-LCGGZ,Month-to-month,1,20.9,No,0,0.5981948,High
8807-ARQET,Month-to-month,41,40.35,DSL,2,0.59818554,High
2971-SGAFL,Month-to-month,13,78.75,DSL,4,0.59782505,High
0486-HECZI,Month-to-month,55,96.75,Fiber optic,3,0.59762913,High
8393-JMVMB,Month-to-month,1,19.45,No,0,0.59761846,High
3787-TRIAL,Month-to-month,21,26.05,DSL,0,0.5975931,High
0564-MUUQK,Month-to-month,20,95.5,Fiber optic,3,0.5975644,High
9753-OYLBX,Month-to-month,1,20.5,No,0,0.59756273,High
2002-MZHWP,Month-to-month,1,20.5,No,0,0.59756273,High
3716-UVSPD,Month-to-month,1,49.3,DSL,1,0.59753746,High
4989-LIXVT,Month-to-month,68,95.9,Fiber optic,3,0.5974587,High
9365-SRSZE,Month-to-month,27,70.55,Fiber optic,0,0.59690064,High
9261-WDCAF,Month-to-month,3,54.65,DSL,1,0.5968258,High
2480-JZOSN,Month-to-month,1,20.65,No,0,0.59682506,High
1025-FALIX,Month-to-month,26,69.05,Fiber optic,0,0.596813,High
4846-WHAFZ,Month-to-month,37,76.5,Fiber optic,0,0.59662783,High
4667-OHGKG,Month-to-month,1,19.3,No,0,0.59623414,High
2538-OIMXF,Month-to-month,1,24.7,DSL,0,0.5960797,High
6141-OOXUQ,Month-to-month,1,19.65,No,0,0.5960735,High
3785-NRHYR,Month-to-month,1,19.65,No,0,0.5960735,High
0531-ZZJWQ,Month-to-month,55,74.0,Fiber optic,0,0.5959828,High
4918-QLLIW,Month-to-month,3,53.4,DSL,1,0.59593964,High
2373-NTKOD,Month-to-month,8,66.25,DSL,2,0.5957673,High
7587-AOVVU,Month-to-month,27,100.75,Fiber optic,4,0.5955616,High
5712-AHQNN,Month-to-month,43,91.65,Fiber optic,3,0.5954962,High
5628-RKIFK,Month-to-month,49,101.55,Fiber optic,3,0.5952926,High
7730-IUTDZ,Month-to-month,43,75.2,Fiber optic,1,0.5952394,High
3348-CFRNX,Month-to-month,28,92.35,Fiber optic,3,0.59501547,High
1212-GLHMD,Month-to-month,3,86.05,Fiber optic,2,0.59500504,High
2480-SQIOB,Month-to-month,4,44.8,DSL,0,0.5949635,High
1208-NBVFH,Month-to-month,20,49.6,DSL,1,0.59494597,High
2894-QOJRX,Month-to-month,25,34.0,DSL,1,0.59482276,High
3814-MLAXC,Month-to-month,31,79.85,Fiber optic,1,0.5944427,High
5482-VXSXJ,Month-to-month,22,93.2,Fiber optic,3,0.5942152,High
6030-REHUX,Month-to-month,28,110.85,Fiber optic,5,0.59394366,High
9948-YPTDG,Month-to-month,38,79.45,Fiber optic,2,0.5938364,High
4248-HCETZ,Month-to-month,30,79.65,Fiber optic,2,0.59378064,High
5649-TJHOV,Month-to-month,27,36.5,DSL,1,0.593776,High
8496-EJAUI,Month-to-month,19,73.85,Fiber optic,1,0.59336275,High
6380-ARCEH,Month-to-month,1,20.2,No,0,0.5931557,High
4786-UKSNZ,Month-to-month,1,20.2,No,0,0.5931557,High
8048-DSDFQ,Month-to-month,1,20.2,No,0,0.5931557,High
3247-MHJKM,Month-to-month,1,20.2,No,0,0.5931557,High
5828-AVIPD,One year,19,100.95,Fiber optic,3,0.59306806,High
2519-LBNQL,One year,60,104.35,Fiber optic,4,0.5927395,High
3404-JNXAX,Month-to-month,51,80.75,Fiber optic,1,0.5926926,High
1194-SPVSP,Month-to-month,1,19.65,No,0,0.592416,High
8329-IBCTI,Month-to-month,1,19.65,No,0,0.5920608,High
7721-DVEKZ,Month-to-month,1,19.65,No,0,0.5920608,High
0970-QXPXW,Month-to-month,1,19.65,No,0,0.5920608,High
6305-YLBMM,One year,69,104.05,Fiber optic,5,0.5916686,High
6259-WJQLC,Month-to-month,32,81.1,Fiber optic,1,0.59102833,High
5136-KCKGI,One year,33,103.7,Fiber optic,4,0.5907789,High
1724-IQWNM,Month-to-month,1,19.3,No,0,0.59059405,High
3803-KMQFW,Month-to-month,1,20.55,No,0,0.59045017,High
3192-LNKRK,Month-to-month,34,84.05,Fiber optic,2,0.5903773,High
1373-ORVIZ,Month-to-month,11,66.35,DSL,2,0.59017885,High
3668-QPYBK,Month-to-month,2,53.85,DSL,2,0.5898132,High
9369-XFEHK,Month-to-month,33,80.6,Fiber optic,1,0.589699,High
6615-ZGEDR,Month-to-month,1,19.7,No,0,0.5894216,High
9474-PHLYD,Month-to-month,15,59.45,DSL,2,0.5891982,High
9103-CXVOK,Month-to-month,1,19.75,No,0,0.58913213,High
2003-CKLOR,Month-to-month,66,99.5,Fiber optic,4,0.5890198,High
0596-BQCEQ,Month-to-month,62,100.15,Fiber optic,4,0.58889663,High
0156-FVPTA,Month-to-month,22,54.2,DSL,2,0.5888939,High
6652-YFFJO,Month-to-month,11,64.9,DSL,2,0.58871645,High
6173-ITPWD,Month-to-month,47,83.35,Fiber optic,2,0.5886041,High
1550-EENBN,Month-to-month,31,104.35,Fiber optic,4,0.58855623,High
7020-OZKXZ,Month-to-month,9,75.5,Fiber optic,1,0.5882054,High
2223-KAGMX,Month-to-month,15,19.4,No,0,0.5877556,High
9578-VRMNM,Month-to-month,16,65.2,DSL,2,0.58774716,High
8651-ENBZX,One year,60,106.0,Fiber optic,4,0.58763695,High
0504-HHAPI,Month-to-month,27,88.3,Fiber optic,2,0.5874512,High
0877-SDMBN,One year,54,103.95,Fiber optic,4,0.58704907,High
0670-KDOMA,Month-to-month,1,20.25,No,0,0.5869961,High
2876-VBBBL,Month-to-month,1,20.25,No,0,0.5869961,High
5766-ZJYBB,Month-to-month,1,19.4,No,0,0.58683133,High
0374-IOEGQ,Month-to-month,3,44.6,DSL,0,0.5866609,High
4065-JJAVA,Month-to-month,1,49.5,DSL,1,0.5864566,High
6559-RAKOZ,One year,49,97.95,Fiber optic,3,0.58625513,High
2141-RRYGO,Month-to-month,4,68.65,DSL,3,0.5861356,High
3096-IZETN,Month-to-month,12,78.1,Fiber optic,1,0.5860699,High
7067-KSAZT,One year,65,106.25,Fiber optic,4,0.5860505,High
4307-KTUMW,Month-to-month,53,93.9,Fiber optic,3,0.58591634,High
1919-RTPQD,Month-to-month,7,44.75,DSL,0,0.58582175,High
2586-CWXVV,Month-to-month,54,30.4,DSL,1,0.58573776,High
6416-YJTTB,Month-to-month,11,79.5,Fiber optic,2,0.58522725,High
1842-EZJMK,Month-to-month,50,103.7,Fiber optic,4,0.5841934,High
5624-BQSSA,Month-to-month,1,20.95,No,0,0.583681,High
7567-ECMCM,Month-to-month,24,79.85,Fiber optic,1,0.5832645,High
0639-TSIQW,Month-to-month,67,102.95,Fiber optic,4,0.58319,High
3194-ORPIK,Month-to-month,50,84.4,Fiber optic,1,0.58252895,High
7718-RXDGG,Month-to-month,15,68.6,Fiber optic,0,0.58229804,High
4791-QRGMF,One year,59,99.5,Fiber optic,3,0.5821197,High
1215-VFYVK,Month-to-month,4,48.25,DSL,4,0.58194304,High
8988-ECPJR,Month-to-month,34,79.6,Fiber optic,1,0.5818912,High
2203-GHNWN,Month-to-month,24,79.65,Fiber optic,1,0.5817583,High
2778-OCLGR,Month-to-month,24,39.1,DSL,2,0.5817033,High
8676-OOQEJ,Month-to-month,4,30.5,DSL,1,0.5815692,High
0761-AETCS,Month-to-month,1,19.3,No,0,0.5814769,High
0319-QZTCO,Month-to-month,3,58.7,DSL,2,0.58109206,High
8167-GJLRN,Month-to-month,3,30.4,DSL,1,0.58080333,High
1427-VERSM,Month-to-month,56,98.7,Fiber optic,4,0.58034134,High
0975-VOOVL,Month-to-month,3,29.2,DSL,1,0.58013785,High
8149-AIQCG,Month-to-month,39,73.15,Fiber optic,0,0.58008564,High
8543-MSDMF,Month-to-month,3,77.4,DSL,4,0.57998013,High
4718-DHSMV,Month-to-month,11,35.8,DSL,1,0.5796423,High
9626-VFRGG,Month-to-month,41,88.5,Fiber optic,2,0.579613,High
7813-ZGGAW,Month-to-month,31,96.6,Fiber optic,3,0.5795757,High
0643-OKLRP,Month-to-month,47,80.35,Fiber optic,1,0.57941926,High
5568-DMXZS,Month-to-month,8,65.45,DSL,3,0.57916343,High
7901-HXJVA,Month-to-month,14,76.45,Fiber optic,1,0.5789124,High
3503-TYDAY,Month-to-month,43,80.45,Fiber optic,1,0.5788981,High
2049-BAFNW,Month-to-month,1,35.9,DSL,2,0.57835215,High
3858-XHYJO,One year,40,105.75,Fiber optic,4,0.578248,High
2403-BCASL,One year,41,111.95,Fiber optic,5,0.5780089,High
9812-GHVRI,Month-to-month,40,83.85,Fiber optic,1,0.57728505,High
9101-BWFSS,One year,50,108.55,Fiber optic,5,0.5771226,High
6646-JPPHA,Month-to-month,14,78.85,Fiber optic,2,0.5770924,High
8205-MQUGY,Month-to-month,12,49.2,DSL,1,0.57695544,High
0406-BPDVR,One year,54,101.5,Fiber optic,3,0.5767934,High
6008-NAIXK,One year,54,55.45,DSL,4,0.57669306,High
4553-DVPZG,Month-to-month,62,101.35,Fiber optic,3,0.57618576,High
4554-YGZIH,Month-to-month,49,90.05,Fiber optic,2,0.57610774,High
4680-KUTAJ,Month-to-month,11,55.6,DSL,1,0.57598275,High
9512-UIBFX,Month-to-month,18,95.15,Fiber optic,3,0.5756369,High
2921-XWDJH,Month-to-month,38,83.45,Fiber optic,2,0.574777,High
3162-KKZXO,One year,55,100.15,Fiber optic,3,0.57453096,High
5370-IIVVL,One year,37,104.5,Fiber optic,4,0.57395506,High
1449-XQEMT,Month-to-month,3,19.8,No,0,0.57381546,High
1213-NGCUN,Month-to-month,6,49.65,DSL,1,0.5737819,High
8584-KMVXD,Month-to-month,8,75.6,Fiber optic,1,0.5735383,High
8519-QJGJD,Month-to-month,14,75.35,Fiber optic,1,0.57351285,High
6896-SRVYQ,Month-to-month,44,73.85,Fiber optic,1,0.5732823,High
2178-PMGCJ,Month-to-month,22,69.7,Fiber optic,0,0.5732643,High
2037-XJFUP,One year,33,95.8,Fiber optic,3,0.5730903,High
3466-RITXD,Month-to-month,26,92.4,Fiber optic,3,0.5725798,High
6769-DYBQN,Month-to-month,46,85.0,Fiber optic,2,0.57249826,High
7159-FVYPK,Month-to-month,3,69.15,DSL,3,0.57199556,High
9552-TGUZV,Month-to-month,8,75.0,Fiber optic,1,0.57145286,High
8757-TFHHJ,Month-to-month,1,49.8,DSL,1,0.57076037,High
2675-OTVVJ,Month-to-month,31,89.45,Fiber optic,2,0.57067573,High
6591-QGOYB,Month-to-month,17,106.65,Fiber optic,5,0.57060933,High
7893-IXHRQ,Month-to-month,1,20.55,No,0,0.57045096,High
4238-JSSWH,Month-to-month,35,102.05,Fiber optic,3,0.5701312,High
3969-GYXEL,Month-to-month,11,76.4,Fiber optic,1,0.5701276,High
6599-CEBNN,Month-to-month,34,73.95,Fiber optic,1,0.5699904,High
8634-CILSZ,One year,69,104.7,Fiber optic,4,0.56994665,High
4432-ADRLB,Month-to-month,2,44.65,DSL,0,0.5698876,High
3688-FTHLT,Month-to-month,16,63.05,DSL,1,0.56961226,High
4523-WXCEF,Month-to-month,59,101.1,Fiber optic,3,0.56946975,High
0221-WMXNQ,Month-to-month,4,75.35,Fiber optic,1,0.5694647,High
5419-KLXBN,Month-to-month,25,89.15,Fiber optic,3,0.5692605,High
6680-NENYN,Two year,43,104.6,Fiber optic,4,0.569002,High
5948-UJZLF,Month-to-month,2,49.25,DSL,1,0.56882244,High
1855-AGAWH,One year,31,93.8,Fiber optic,3,0.56869483,High
7876-BEUTG,Month-to-month,15,48.8,DSL,0,0.5684054,High
1689-YQBYY,Month-to-month,12,76.6,Fiber optic,0,0.5683904,High
5649-RXQTV,Month-to-month,51,99.0,Fiber optic,4,0.5682295,High
1261-FWTTE,Month-to-month,23,34.65,DSL,1,0.5681961,High
0807-ZABDG,Month-to-month,3,55.1,DSL,2,0.5679915,High
2811-POVEX,Month-to-month,23,88.45,Fiber optic,3,0.56787556,High
7048-GXDAY,Month-to-month,39,106.4,Fiber optic,4,0.56782836,High
2100-BDNSN,Month-to-month,5,67.95,DSL,3,0.56761867,High
1625-JAIIY,One year,68,83.0,Fiber optic,1,0.5675058,High
0843-WTBXE,Month-to-month,53,85.45,Fiber optic,1,0.56736434,High
2495-KZNFB,Month-to-month,33,90.65,Fiber optic,2,0.5671709,High
3923-CSIHK,Month-to-month,50,71.05,Fiber optic,0,0.56714404,High
1984-FCOWB,One year,70,109.5,Fiber optic,5,0.5667015,High
7395-IGJOS,Month-to-month,17,81.5,Fiber optic,1,0.56664574,High
7501-VTYLJ,Month-to-month,2,51.55,DSL,1,0.5665668,High
9522-BNTHX,Month-to-month,34,56.25,DSL,4,0.5662143,High
7356-IWLFW,Month-to-month,46,80.0,Fiber optic,1,0.5661838,High
1575-KRZZE,Month-to-month,4,55.2,DSL,2,0.56609243,High
6927-WTFIV,Month-to-month,20,71.3,Fiber optic,0,0.566078,High
6207-WIOLX,Month-to-month,25,58.6,DSL,5,0.5660086,High
2810-FTLEM,Month-to-month,16,50.15,DSL,1,0.5659481,High
1307-ATKGB,Month-to-month,24,89.55,Fiber optic,3,0.56594217,High
1029-QFBEN,Month-to-month,1,19.55,No,0,0.56562287,High
7601-WFVZV,Month-to-month,1,19.55,No,0,0.56562287,High
3853-LYGAM,Month-to-month,17,95.65,Fiber optic,3,0.5653808,High
3315-TOTBP,Month-to-month,15,76.0,Fiber optic,0,0.5649884,High
7064-FRRSW,One year,48,99.0,Fiber optic,3,0.564547,High
3323-CPBWR,Month-to-month,23,96.9,Fiber optic,3,0.5642811,High
9026-LHEVG,Month-to-month,9,40.75,DSL,2,0.5642011,High
9614-RMGHA,Month-to-month,65,91.85,Fiber optic,2,0.5639711,High
0869-PAPRP,Month-to-month,26,85.7,Fiber optic,2,0.56390965,High
3164-AALRN,One year,5,70.0,DSL,3,0.5636533,High
3211-ILJTT,Month-to-month,17,70.4,Fiber optic,0,0.56356525,High
5215-LNLDJ,Month-to-month,7,24.7,DSL,0,0.56352973,High
6986-IJDHX,Month-to-month,39,86.3,Fiber optic,2,0.56328356,High
2085-BOJKI,One year,17,96.65,Fiber optic,3,0.5629056,High
9505-SQFSW,Month-to-month,3,40.3,DSL,2,0.5625852,High
5533-RJFTJ,Month-to-month,49,30.2,DSL,1,0.5625123,High
5445-GLVOT,Month-to-month,22,49.8,DSL,1,0.5624519,High
6257-RJOHI,Month-to-month,4,50.8,DSL,1,0.5623672,High
8242-JSVBO,Month-to-month,7,44.65,DSL,0,0.5623145,High
3452-SRFEG,Month-to-month,49,74.6,Fiber optic,0,0.56221324,High
0666-UXTJO,Month-to-month,34,85.2,Fiber optic,2,0.5617797,High
4950-BDEUX,Month-to-month,35,49.2,DSL,3,0.56167996,High
8605-ITULD,Month-to-month,1,19.55,No,0,0.56153023,High
2866-IKBTM,Month-to-month,1,19.55,No,0,0.56153023,High
7964-VEXDG,Month-to-month,21,80.35,Fiber optic,1,0.56152403,High
1785-BPHTP,Month-to-month,28,85.45,Fiber optic,2,0.5614695,High
2834-SPCJV,Month-to-month,52,84.1,Fiber optic,2,0.5612622,High
9348-YVOMK,Month-to-month,4,44.8,DSL,0,0.5606235,High
0311-QYWSS,Month-to-month,6,49.45,DSL,1,0.5605559,High
5301-GAUUY,Month-to-month,32,80.35,Fiber optic,1,0.56055385,High
9767-FFLEM,Month-to-month,38,69.5,Fiber optic,0,0.5603342,High
2208-UGTGR,Month-to-month,56,98.6,Fiber optic,3,0.5603119,High
4183-WCSEP,Month-to-month,31,78.45,Fiber optic,2,0.5600556,High
9057-MSWCO,Month-to-month,27,30.75,DSL,1,0.55972004,High
0052-DCKON,One year,66,115.8,Fiber optic,6,0.5596433,High
0691-IFBQW,One year,46,110.0,Fiber optic,5,0.55956143,High
7593-JNWRU,Month-to-month,6,44.6,DSL,0,0.5593731,High
9530-EHPOH,Month-to-month,11,53.75,DSL,1,0.55881023,High
1784-EZDKJ,One year,51,106.8,Fiber optic,4,0.55865985,High
1230-QAJDW,Month-to-month,3,65.25,DSL,2,0.5585406,High
1322-AGOQM,Month-to-month,46,30.3,DSL,1,0.5582308,High
2712-SYWAY,Month-to-month,1,25.7,No,0,0.5582083,High
4067-HLYQI,Month-to-month,33,70.4,Fiber optic,0,0.55779785,High
2325-WINES,One year,32,104.05,Fiber optic,4,0.5572652,High
1432-FPAXX,Month-to-month,29,30.6,DSL,1,0.5571869,High
4860-IJUDE,Month-to-month,13,73.75,Fiber optic,1,0.5568011,High
0516-WJVXC,Month-to-month,5,54.2,DSL,2,0.55659914,High
4824-GUCBY,Month-to-month,22,81.7,Fiber optic,2,0.55655897,High
8679-JOEVF,Month-to-month,16,59.4,DSL,2,0.556533,High
9644-UMGQA,Month-to-month,6,49.15,DSL,1,0.5564756,High
4350-ZTLPI,One year,53,108.95,Fiber optic,5,0.55643064,High
3780-YVMFA,Month-to-month,8,68.55,DSL,3,0.5563071,High
6078-VESFR,Month-to-month,13,70.45,Fiber optic,0,0.5561882,High
6331-LWDTQ,Month-to-month,10,72.15,DSL,2,0.55597275,High
1320-REHCS,Month-to-month,52,110.75,Fiber optic,5,0.5559222,High
2812-SFXMJ,Month-to-month,1,20.05,No,0,0.55581445,High
1910-FMXJM,Month-to-month,36,80.4,Fiber optic,1,0.5554384,High
5312-UXESG,Month-to-month,41,98.05,Fiber optic,3,0.5552379,High
0193-ESZXP,One year,58,105.5,Fiber optic,5,0.55510527,High
1644-IRKSF,One year,33,93.8,Fiber optic,3,0.5549993,High
2507-QZPQS,Month-to-month,15,95.7,Fiber optic,3,0.5548024,High
5035-PGZXH,One year,56,106.8,Fiber optic,4,0.55459833,High
2573-GYRUU,Month-to-month,48,91.05,Fiber optic,2,0.5544775,High
1803-BGNBD,Month-to-month,12,54.3,DSL,2,0.5544089,High
1482-OXZSY,Month-to-month,30,100.4,Fiber optic,3,0.55401856,High
7246-ZGQDF,Month-to-month,1,54.5,DSL,2,0.5540037,High
3259-FDWOY,Two year,71,106.0,Fiber optic,4,0.55398536,High
0617-FHSGK,Month-to-month,49,75.2,Fiber optic,0,0.5534217,High
5816-SCGFC,Month-to-month,7,51.3,DSL,1,0.5533036,High
9154-QDGTH,One year,43,104.3,Fiber optic,4,0.55281806,High
0365-GXEZS,Month-to-month,18,78.2,Fiber optic,2,0.55240804,High
7963-GQRMY,Month-to-month,3,44.3,DSL,0,0.55217314,High
3714-JTVOV,Month-to-month,42,74.15,Fiber optic,1,0.5518914,High
3808-HFKDE,Month-to-month,20,44.35,DSL,0,0.55188227,High
0730-KOAVE,Month-to-month,30,94.3,Fiber optic,3,0.55185765,High
7845-URHJN,Month-to-month,8,20.15,No,0,0.5518541,High
1450-SKCVI,Month-to-month,56,73.85,Fiber optic,1,0.55180687,High
1304-BCCFO,Month-to-month,9,70.05,DSL,3,0.5516738,High
1849-RJYIG,Month-to-month,8,60.0,DSL,2,0.55126464,High
8388-FYNPZ,Month-to-month,4,56.75,DSL,2,0.5509654,High
7112-OPOTK,Month-to-month,33,68.25,Fiber optic,0,0.55094606,High
2108-YKQTY,Month-to-month,4,50.7,DSL,1,0.55067104,High
8640-SDGKB,Month-to-month,4,74.4,DSL,4,0.55057216,High
9659-ZTWSM,One year,66,107.35,Fiber optic,5,0.55052245,High
7055-VKGDA,One year,54,105.4,Fiber optic,5,0.5503952,High
8840-DQLGN,Month-to-month,35,100.5,Fiber optic,4,0.5498464,Medium
4832-VRBMR,One year,65,103.15,Fiber optic,4,0.5491836,Medium
7529-ZDFXI,Month-to-month,57,89.85,Fiber optic,2,0.5490175,Medium
4913-EHYUI,One year,56,104.55,Fiber optic,4,0.54884225,Medium
1355-KUSBG,Month-to-month,7,48.8,DSL,0,0.5484396,Medium
8620-RJPZN,Month-to-month,1,20.7,No,0,0.5484282,Medium
2931-FSOHN,Month-to-month,13,59.9,DSL,2,0.5481189,Medium
2697-NQBPF,Month-to-month,34,105.35,Fiber optic,4,0.5478705,Medium
4660-IRIBM,Month-to-month,18,87.9,Fiber optic,3,0.5478236,Medium
2858-EIMXH,One year,53,95.85,Fiber optic,2,0.5474925,Medium
3537-HPKQT,Month-to-month,55,77.75,Fiber optic,1,0.5473256,Medium
5149-TGWDZ,One year,21,104.55,Fiber optic,5,0.547178,Medium
4829-AUOAX,Month-to-month,46,96.05,Fiber optic,2,0.5471692,Medium
2684-EIWEO,Month-to-month,30,91.7,Fiber optic,3,0.5471093,Medium
2252-ISRNH,One year,9,90.35,Fiber optic,2,0.54699916,Medium
4883-QICIH,Month-to-month,32,69.75,Fiber optic,0,0.54683185,Medium
2669-OIDSD,Month-to-month,48,100.05,Fiber optic,4,0.5466562,Medium
8782-LKFPK,Month-to-month,44,90.4,Fiber optic,2,0.54664314,Medium
2070-FNEXE,Month-to-month,7,76.45,Fiber optic,1,0.5465659,Medium
1472-TNCWL,Month-to-month,36,94.7,Fiber optic,3,0.5464841,Medium
6815-ABQFQ,One year,56,107.25,Fiber optic,4,0.54598296,Medium
7000-WCEVQ,Month-to-month,20,61.6,DSL,1,0.5456673,Medium
9470-XCCEM,Month-to-month,35,89.65,Fiber optic,2,0.54559964,Medium
6862-CQUMB,Month-to-month,37,96.1,Fiber optic,3,0.5453005,Medium
5392-AKEMH,Month-to-month,12,45.05,DSL,0,0.5452059,Medium
2157-MXBJS,One year,13,75.3,DSL,3,0.5451569,Medium
9281-PKKZE,Month-to-month,46,43.95,DSL,2,0.5446822,Medium
6692-YQHXC,Month-to-month,16,69.95,Fiber optic,0,0.5443989,Medium
7721-JXEAW,Month-to-month,59,41.05,DSL,2,0.54404205,Medium
6686-YPGHK,Month-to-month,47,85.5,Fiber optic,2,0.54389125,Medium
5732-IKGQH,One year,52,104.45,Fiber optic,5,0.54373,Medium
1421-HCERK,Month-to-month,30,105.7,Fiber optic,5,0.5436292,Medium
2834-JRTUA,Two year,71,108.05,Fiber optic,5,0.543618,Medium
8896-BQTTI,Month-to-month,1,25.0,No,0,0.54344517,Medium
0100-DUVFC,One year,70,104.8,Fiber optic,4,0.5431476,Medium
7421-ZLUPA,Month-to-month,8,29.25,DSL,1,0.54309916,Medium
0927-CNGRH,Month-to-month,1,19.55,No,0,0.54267055,Medium
5018-GWURO,Month-to-month,56,85.6,Fiber optic,1,0.54221576,Medium
4465-VDKIQ,Month-to-month,18,77.8,Fiber optic,2,0.5420174,Medium
4360-QRAVE,Month-to-month,37,36.65,DSL,2,0.54201305,Medium
8901-HJXTF,Month-to-month,12,29.2,DSL,1,0.54186094,Medium
9278-VZKCD,Month-to-month,52,109.1,Fiber optic,5,0.5417689,Medium
8267-ZNYVZ,One year,33,103.75,Fiber optic,5,0.54172176,Medium
4220-TINQT,Month-to-month,61,106.35,Fiber optic,4,0.5416585,Medium
4468-YDOVK,Month-to-month,5,48.65,DSL,1,0.54153705,Medium
4745-LSPLO,Month-to-month,1,20.5,No,0,0.54148537,Medium
2189-UXTKY,Month-to-month,22,79.2,DSL,4,0.5414168,Medium
0177-PXBAT,Month-to-month,33,109.9,Fiber optic,5,0.54088557,Medium
8749-JMNKX,Month-to-month,51,93.8,Fiber optic,3,0.540244,Medium
8267-KFGYD,Month-to-month,1,21.05,No,0,0.54011965,Medium
1818-ESQMW,Month-to-month,27,89.2,Fiber optic,3,0.54008836,Medium
3995-WFCSM,Month-to-month,2,60.85,DSL,2,0.54008436,Medium
0943-ZQPXH,Month-to-month,44,92.95,Fiber optic,3,0.539929,Medium
0999-QXNSA,Month-to-month,7,45.75,DSL,0,0.5391185,Medium
7279-BUYWN,Month-to-month,41,113.2,Fiber optic,5,0.5391148,Medium
6646-QVXLR,One year,62,103.75,Fiber optic,4,0.539009,Medium
4716-HHKQH,Month-to-month,20,107.05,Fiber optic,4,0.53898215,Medium
6818-WOBHJ,Month-to-month,68,89.6,Fiber optic,2,0.5388028,Medium
5440-VHLUL,One year,69,105.2,Fiber optic,4,0.53870857,Medium
2651-ZCBXV,Two year,54,108.0,Fiber optic,5,0.5383124,Medium
5652-MSDEY,Month-to-month,10,75.75,Fiber optic,0,0.5382317,Medium
3094-JOJAI,Month-to-month,18,74.15,Fiber optic,0,0.537667,Medium
9699-UBQFS,Month-to-month,43,94.5,Fiber optic,3,0.5374724,Medium
0268-QKIWO,Month-to-month,3,19.75,No,0,0.5372498,Medium
6908-VVYHM,Month-to-month,65,90.65,Fiber optic,2,0.5370748,Medium
3113-IWHLC,Month-to-month,5,55.8,DSL,2,0.5366423,Medium
8805-JNRAZ,Month-to-month,2,49.2,DSL,1,0.5365797,Medium
7658-UYUQS,Month-to-month,21,86.55,Fiber optic,2,0.53632754,Medium
4607-CHPCA,One year,25,90.4,Fiber optic,2,0.53627497,Medium
6807-SIWJI,One year,38,104.85,Fiber optic,4,0.5362293,Medium
3237-AJGEH,Month-to-month,3,31.0,DSL,1,0.5353902,Medium
8178-EYZUO,Month-to-month,46,93.7,Fiber optic,3,0.5353808,Medium
0376-OIWME,Month-to-month,36,93.6,Fiber optic,3,0.53528726,Medium
0118-JPNOY,Month-to-month,26,85.8,Fiber optic,2,0.5349337,Medium
1518-VOWAV,Month-to-month,9,74.65,DSL,4,0.5347949,Medium
1596-BBVTG,Month-to-month,35,75.35,Fiber optic,0,0.5346393,Medium
6464-KEXXH,Month-to-month,8,25.25,DSL,0,0.534611,Medium
6227-HWPWX,Month-to-month,15,69.0,Fiber optic,0,0.5344527,Medium
3870-MQAMG,One year,54,110.35,Fiber optic,5,0.53416634,Medium
0668-OGMHD,Month-to-month,21,28.5,DSL,1,0.53416073,Medium
3190-XFANI,One year,49,100.6,Fiber optic,3,0.5341347,Medium
2111-DWYHN,Month-to-month,1,21.1,No,0,0.533632,Medium
3976-BWUCK,Month-to-month,30,94.1,Fiber optic,3,0.5335528,Medium
3815-SLMEF,Month-to-month,3,34.25,DSL,2,0.53319836,Medium
8705-DWKTI,Month-to-month,52,83.8,Fiber optic,2,0.53309315,Medium
1357-BIJKI,One year,50,98.25,Fiber optic,3,0.5330707,Medium
7636-OWBPG,Month-to-month,12,29.35,DSL,1,0.53266925,Medium
6817-WTYHE,Month-to-month,2,44.9,DSL,0,0.53248227,Medium
2542-HYGIQ,Month-to-month,1,19.95,No,0,0.5324207,Medium
6921-OZMFH,Month-to-month,5,55.7,DSL,1,0.5323731,Medium
6745-JEFZB,Month-to-month,35,91.5,Fiber optic,2,0.53221196,Medium
8535-SFUTN,Month-to-month,61,106.45,Fiber optic,4,0.53199375,Medium
2479-BRAMR,Month-to-month,41,83.75,Fiber optic,2,0.5318958,Medium
1329-VHWNP,Month-to-month,7,25.05,DSL,0,0.53173965,Medium
4526-ZJJTM,Month-to-month,25,88.4,Fiber optic,3,0.5316038,Medium
5243-SAOTC,Month-to-month,54,79.85,Fiber optic,1,0.5310121,Medium
0363-QJVFX,Month-to-month,32,108.15,Fiber optic,5,0.53080755,Medium
5688-KZTSN,Month-to-month,15,20.0,No,0,0.5307478,Medium
4256-ZWTZI,Month-to-month,5,51.0,DSL,1,0.53056896,Medium
9356-AXGMP,One year,38,110.7,Fiber optic,5,0.53055304,Medium
5697-GOMBF,Month-to-month,28,35.9,DSL,1,0.5300156,Medium
9793-WECQC,Month-to-month,23,95.3,Fiber optic,3,0.52991927,Medium
3945-GFWQL,Month-to-month,12,44.55,DSL,0,0.5297225,Medium
6641-XRPSU,Month-to-month,34,70.0,Fiber optic,0,0.5297067,Medium
7271-AJDTL,Month-to-month,55,94.45,Fiber optic,3,0.5296974,Medium
5122-CYFXA,Month-to-month,3,75.3,DSL,4,0.5295381,Medium
4250-FDVOU,Month-to-month,6,56.25,DSL,2,0.5295316,Medium
4013-GUXND,Month-to-month,1,20.8,No,0,0.52881813,Medium
7572-KPVKK,Two year,62,104.05,Fiber optic,4,0.52875066,Medium
5716-LIBJC,One year,13,104.15,Fiber optic,4,0.52870053,Medium
4176-FXYBO,Month-to-month,54,109.55,Fiber optic,5,0.52867347,Medium
3055-OYMSE,Month-to-month,53,73.8,Fiber optic,1,0.528546,Medium
2027-OAQQC,Month-to-month,43,49.05,DSL,3,0.52839464,Medium
9210-IAHGH,Month-to-month,7,70.75,DSL,3,0.52836525,Medium
2014-MKGMH,One year,46,101.1,Fiber optic,3,0.52835256,Medium
4811-JBUVU,Month-to-month,30,89.9,Fiber optic,2,0.5278761,Medium
2898-LSJGD,One year,21,55.95,DSL,4,0.52750623,Medium
4468-KAZHE,Month-to-month,20,60.0,DSL,2,0.5273511,Medium
7682-AZNDK,Month-to-month,34,89.85,Fiber optic,3,0.52733535,Medium
8272-ONJLV,One year,12,95.7,Fiber optic,3,0.52719676,Medium
2382-BCKQJ,One year,62,100.15,Fiber optic,3,0.526958,Medium
0247-SLUJI,Month-to-month,1,19.7,No,0,0.52641076,Medium
1928-BXYIV,Month-to-month,1,61.15,DSL,2,0.5263772,Medium
0356-ERHVT,Month-to-month,11,45.9,DSL,0,0.5255588,Medium
5394-SVGJV,Month-to-month,37,98.8,Fiber optic,3,0.52551484,Medium
0201-OAMXR,One year,70,115.55,Fiber optic,6,0.5251266,Medium
6741-EGCBI,Month-to-month,30,90.5,Fiber optic,2,0.5251053,Medium
7530-HDYDS,Month-to-month,38,84.25,Fiber optic,3,0.524901,Medium
1169-SAOCL,One year,49,106.65,Fiber optic,4,0.52472174,Medium
0420-BWTPW,Month-to-month,8,25.5,DSL,0,0.5247097,Medium
3349-ANQNH,One year,59,99.5,Fiber optic,3,0.52461,Medium
7396-VJUZB,Month-to-month,4,45.25,DSL,0,0.5246072,Medium
8562-GHPPI,Month-to-month,1,19.8,No,0,0.52453715,Medium
2081-KJSQF,Month-to-month,1,20.25,No,0,0.52422553,Medium
8914-RBTSB,Month-to-month,31,93.8,Fiber optic,3,0.5236315,Medium
2692-PFYTJ,Month-to-month,1,25.75,No,0,0.5235973,Medium
0836-SEYLU,Month-to-month,9,40.65,DSL,2,0.52356035,Medium
4657-FWVFY,Month-to-month,40,96.35,Fiber optic,3,0.52355176,Medium
3234-VKACU,Month-to-month,2,70.3,DSL,3,0.52317035,Medium
6874-SGLHU,One year,30,97.0,Fiber optic,3,0.522867,Medium
5156-UMKOW,Month-to-month,3,29.65,DSL,1,0.52246153,Medium
3192-NQECA,Two year,68,110.0,Fiber optic,5,0.52182335,Medium
6845-RGTYS,Month-to-month,47,98.75,Fiber optic,4,0.5217955,Medium
8096-LOIST,Month-to-month,19,56.2,DSL,1,0.5217933,Medium
4081-DYXAV,One year,19,44.85,DSL,2,0.5208171,Medium
1194-HVAIF,Month-to-month,27,95.0,Fiber optic,2,0.5207668,Medium
1471-GIQKQ,Month-to-month,1,49.95,DSL,1,0.5207532,Medium
7401-RUBNK,Month-to-month,18,74.8,Fiber optic,1,0.5207516,Medium
3173-NVMPX,Month-to-month,9,55.3,DSL,1,0.520286,Medium
0419-YAAPX,Month-to-month,49,85.3,Fiber optic,2,0.5201281,Medium
2674-MLXMN,Month-to-month,71,99.65,Fiber optic,3,0.51978266,Medium
7176-WIONM,Month-to-month,12,49.85,DSL,3,0.51931965,Medium
0577-WHMEV,Month-to-month,16,90.7,Fiber optic,3,0.5192881,Medium
4821-SJHJV,Month-to-month,32,89.6,Fiber optic,2,0.5192703,Medium
9693-XMUOB,Month-to-month,59,50.25,DSL,3,0.51916224,Medium
3567-PQTSO,One year,53,105.25,Fiber optic,4,0.5189549,Medium
9048-JVYVF,Month-to-month,3,69.35,DSL,3,0.5184796,Medium
8660-BUETV,Month-to-month,3,44.75,DSL,0,0.518053,Medium
3258-SANFR,Month-to-month,6,44.7,DSL,0,0.5180497,Medium
3845-JHAMY,Month-to-month,16,35.5,DSL,1,0.5176258,Medium
3071-VBYPO,Month-to-month,3,89.85,Fiber optic,3,0.5174996,Medium
7634-WSWDB,Month-to-month,8,38.5,DSL,2,0.5172166,Medium
6121-VZNQB,Month-to-month,1,19.1,No,0,0.51699615,Medium
5730-RIITO,Month-to-month,43,33.45,DSL,2,0.51684034,Medium
1809-DMJHQ,Month-to-month,5,46.0,DSL,0,0.5167611,Medium
8761-NSOBC,Month-to-month,44,100.55,Fiber optic,4,0.5166809,Medium
9272-LSVYH,Month-to-month,10,70.15,Fiber optic,0,0.51649475,Medium
8775-CEBBJ,Month-to-month,9,44.2,DSL,0,0.5163522,Medium
0060-FUALY,Month-to-month,59,94.75,Fiber optic,3,0.5159391,Medium
2623-DRYAM,One year,70,101.75,Fiber optic,3,0.51583207,Medium
2722-VOJQL,One year,64,105.65,Fiber optic,4,0.51559263,Medium
9029-FEGVJ,Month-to-month,32,79.3,Fiber optic,1,0.5151898,Medium
7268-IGMFD,Month-to-month,18,93.9,Fiber optic,3,0.5150117,Medium
4257-GAESD,Month-to-month,6,45.0,DSL,2,0.5146639,Medium
5780-INQIK,Month-to-month,8,49.4,DSL,1,0.51459575,Medium
6284-KMNUF,One year,56,98.0,Fiber optic,3,0.51414764,Medium
2817-NTQDO,Month-to-month,13,45.55,DSL,3,0.51412654,Medium
8722-NGNBH,Month-to-month,5,40.0,DSL,3,0.51412207,Medium
5577-OTWWW,Month-to-month,15,19.75,No,0,0.51372766,Medium
5916-QEWPT,Month-to-month,2,69.0,DSL,3,0.5133165,Medium
4566-QVRRW,Month-to-month,11,44.05,DSL,0,0.51328623,Medium
8069-YQQAJ,Month-to-month,14,31.1,DSL,1,0.5131949,Medium
2219-MVUSO,Month-to-month,8,45.15,DSL,0,0.5129581,Medium
9408-HRXRK,Month-to-month,45,105.15,Fiber optic,4,0.5128122,Medium
7133-VBDCG,Month-to-month,25,79.85,Fiber optic,2,0.5125332,Medium
8399-YNDCH,Month-to-month,21,60.05,DSL,2,0.51226497,Medium
6143-JQKEA,Month-to-month,10,45.8,DSL,0,0.5121551,Medium
0327-WFZSY,One year,39,100.0,Fiber optic,3,0.51188713,Medium
6711-VTNRE,Month-to-month,36,87.55,Fiber optic,3,0.5114126,Medium
6625-UTXEW,Month-to-month,12,51.25,DSL,1,0.5112354,Medium
0463-ZSDNT,Month-to-month,10,56.75,DSL,1,0.5111762,Medium
2883-ILGWO,Month-to-month,57,104.9,Fiber optic,4,0.5110831,Medium
4322-RCYMT,One year,68,75.8,DSL,4,0.5110789,Medium
2957-LOLHO,Month-to-month,12,45.4,DSL,0,0.51104486,Medium
2929-QNSRW,One year,56,98.25,Fiber optic,3,0.5110382,Medium
2075-RMJIK,Month-to-month,5,49.4,DSL,1,0.51099885,Medium
9708-HPXWZ,Month-to-month,5,45.4,DSL,3,0.5109743,Medium
5895-QSXOD,Month-to-month,9,70.05,Fiber optic,0,0.5103512,Medium
5515-RUGKN,Month-to-month,8,54.75,DSL,1,0.5102769,Medium
7129-CAKJW,Month-to-month,17,80.05,Fiber optic,1,0.51016176,Medium
7395-XWZOY,Month-to-month,20,55.0,DSL,5,0.5100886,Medium
5067-XJQFU,One year,66,108.45,Fiber optic,5,0.51000166,Medium
0708-LGSMF,Month-to-month,13,65.85,DSL,2,0.50992364,Medium
4976-LNFVV,Month-to-month,19,34.3,DSL,2,0.5089834,Medium
4190-MFLUW,Month-to-month,10,55.2,DSL,2,0.5089451,Medium
3620-MWJNE,Month-to-month,2,54.45,DSL,2,0.50888944,Medium
2322-VCZHZ,Month-to-month,23,90.0,Fiber optic,3,0.5088499,Medium
0422-UXFAP,One year,51,98.85,Fiber optic,3,0.5087387,Medium
5522-NYKPB,Month-to-month,25,85.9,Fiber optic,2,0.50861305,Medium
4634-JLRJT,Month-to-month,1,20.35,No,0,0.5085091,Medium
8073-IJDCM,Month-to-month,1,20.3,No,0,0.5085091,Medium
7346-MEDWM,Month-to-month,59,83.25,Fiber optic,2,0.5085055,Medium
0870-VEMYL,Month-to-month,5,53.85,DSL,2,0.50838274,Medium
5433-KYGHE,Month-to-month,14,86.0,Fiber optic,2,0.50817,Medium
3009-JWMPU,One year,62,96.75,Fiber optic,3,0.5080314,Medium
9415-TPKRV,Month-to-month,8,55.75,DSL,1,0.50789446,Medium
4993-JCRGJ,Month-to-month,26,84.3,Fiber optic,2,0.5076872,Medium
2386-OWURY,Month-to-month,58,95.3,Fiber optic,3,0.50768065,Medium
5274-XHAKY,Month-to-month,41,94.3,Fiber optic,3,0.5076392,Medium
2391-SOORI,Month-to-month,4,49.35,DSL,1,0.50740826,Medium
0823-HSCDJ,Month-to-month,52,49.15,DSL,3,0.5069301,Medium
3842-IYKUE,Month-to-month,35,85.3,Fiber optic,2,0.5069031,Medium
8976-OQHGT,Month-to-month,4,56.5,DSL,2,0.50666654,Medium
5402-HTOTQ,Month-to-month,16,55.3,DSL,1,0.5065422,Medium
2105-PHWON,Month-to-month,33,95.0,Fiber optic,3,0.50646394,Medium
8677-HDZEE,Month-to-month,56,105.45,Fiber optic,4,0.5064,Medium
4831-EOBFE,Month-to-month,29,94.65,Fiber optic,3,0.5060437,Medium
5371-VYLSX,Month-to-month,50,83.4,Fiber optic,2,0.5059632,Medium
9919-YLNNG,Month-to-month,42,103.8,Fiber optic,5,0.50592107,Medium
7957-RYHQD,Month-to-month,40,79.2,Fiber optic,2,0.5059044,Medium
1217-VASWC,One year,43,100.55,Fiber optic,4,0.5058269,Medium
9572-MTILT,Month-to-month,59,106.75,Fiber optic,5,0.50559515,Medium
2985-JUUBZ,Month-to-month,40,74.55,DSL,3,0.5055786,Medium
0471-LVHGK,One year,41,73.0,DSL,3,0.5054904,Medium
4983-CLMLV,Month-to-month,52,102.7,Fiber optic,4,0.5052597,Medium
1228-ZLNBX,Month-to-month,21,75.3,Fiber optic,0,0.5049385,Medium
5671-UUNXD,One year,50,100.65,Fiber optic,3,0.5046811,Medium
0599-XNYDO,Month-to-month,20,69.8,Fiber optic,0,0.50432056,Medium
2153-MREFK,One year,37,99.2,Fiber optic,4,0.50425625,Medium
3572-UOLYZ,Month-to-month,46,84.8,Fiber optic,2,0.50414693,Medium
1732-VHUBQ,Month-to-month,47,70.55,Fiber optic,0,0.5039191,Medium
6844-DZKRF,Month-to-month,2,50.2,DSL,1,0.5039183,Medium
3761-FLYZI,Month-to-month,65,108.8,Fiber optic,4,0.5038159,Medium
4905-JEFDW,One year,11,41.6,DSL,2,0.5031809,Medium
1409-PHXTF,Two year,54,110.45,Fiber optic,5,0.5031281,Medium
5088-QZLRL,Month-to-month,1,20.65,No,0,0.5031264,Medium
9526-JAWYF,Month-to-month,26,89.8,Fiber optic,3,0.50279593,Medium
6624-JDRDS,Month-to-month,6,29.45,DSL,1,0.50200474,Medium
1193-RTSLK,Month-to-month,38,83.9,Fiber optic,3,0.50190717,Medium
4488-KQFDT,One year,61,103.95,Fiber optic,4,0.50142926,Medium
6728-WYQBC,Month-to-month,1,20.95,No,0,0.5004766,Medium
9495-SKLKD,Month-to-month,45,95.95,Fiber optic,3,0.5004012,Medium
4482-FTFFX,Month-to-month,5,56.15,DSL,2,0.5003213,Medium
3446-QDSZF,Month-to-month,4,55.5,DSL,1,0.5000712,Medium
8108-UXRQN,Month-to-month,11,50.55,DSL,3,0.5000462,Medium
7147-AYBAA,Month-to-month,37,70.35,Fiber optic,0,0.49982923,Medium
4647-XXZAM,Month-to-month,6,45.5,DSL,0,0.49976528,Medium
8910-LEDAG,Month-to-month,34,71.55,Fiber optic,0,0.49970776,Medium
4459-BBGHE,Month-to-month,30,44.5,DSL,2,0.49964428,Medium
0117-LFRMW,Month-to-month,37,40.2,DSL,3,0.4996266,Medium
8644-XYTSV,Month-to-month,42,40.15,DSL,2,0.49943593,Medium
2240-HSJQD,Month-to-month,38,81.85,Fiber optic,1,0.49926165,Medium
0374-AACSZ,Month-to-month,1,50.15,DSL,1,0.49926022,Medium
4080-OGPJL,Month-to-month,8,71.15,DSL,3,0.4990923,Medium
6034-ZRYCV,Two year,72,54.2,DSL,4,0.4990884,Medium
1548-ARAGG,Month-to-month,4,58.5,DSL,2,0.49864653,Medium
4343-EJVQB,Month-to-month,7,74.35,Fiber optic,1,0.49839252,Medium
2731-GJRDG,One year,32,109.55,Fiber optic,5,0.49772528,Medium
7011-CVEUC,Month-to-month,25,95.7,Fiber optic,3,0.497313,Medium
6538-POCHL,Month-to-month,33,79.0,Fiber optic,2,0.49716163,Medium
8035-BUYVG,One year,40,42.35,DSL,3,0.49624667,Medium
2533-TIBIX,Month-to-month,15,30.2,DSL,1,0.49595743,Medium
3886-CERTZ,One year,72,109.25,Fiber optic,5,0.49566963,Medium
6849-OYAMU,One year,19,100.0,Fiber optic,4,0.49560663,Medium
7929-DMBCV,Month-to-month,20,81.0,Fiber optic,2,0.4954989,Medium
4522-AKYLR,Month-to-month,13,54.8,DSL,2,0.4952065,Medium
3055-MJDSB,Month-to-month,9,24.6,DSL,0,0.49519634,Medium
4931-TRZWN,Month-to-month,13,71.95,DSL,3,0.49480155,Medium
2924-KHUVI,One year,56,100.55,Fiber optic,3,0.49472988,Medium
1399-UBQIU,Month-to-month,11,69.35,DSL,3,0.49444562,Medium
3285-UCQVC,Month-to-month,37,28.6,DSL,1,0.49437848,Medium
6217-TOWGS,Month-to-month,17,75.4,DSL,3,0.49422362,Medium
3692-JHONH,One year,52,106.5,Fiber optic,4,0.4939861,Medium
4393-RYCRE,One year,44,106.05,Fiber optic,5,0.4937387,Medium
0237-YFUTL,Month-to-month,50,109.65,Fiber optic,5,0.4935833,Medium
7103-IPXPJ,One year,50,99.4,Fiber optic,3,0.49337712,Medium
4007-NHVHI,Month-to-month,56,96.85,Fiber optic,3,0.49299902,Medium
2607-FBDFF,Month-to-month,1,49.0,DSL,1,0.49295005,Medium
0468-YRPXN,Month-to-month,29,98.8,Fiber optic,4,0.49280792,Medium
3976-NLDEZ,Month-to-month,1,20.6,No,0,0.49271506,Medium
5049-GLYVG,Month-to-month,1,20.6,No,0,0.49271506,Medium
2782-LFZVW,Month-to-month,11,58.95,DSL,1,0.49247035,Medium
4925-LMHOK,Month-to-month,15,58.6,DSL,2,0.49239525,Medium
6729-GDNGC,Month-to-month,20,80.7,Fiber optic,1,0.49231365,Medium
4592-IWTJI,Month-to-month,3,29.7,DSL,1,0.4921731,Medium
7878-JGDKK,Month-to-month,4,44.55,DSL,0,0.49215335,Medium
9921-QFQUL,Month-to-month,23,90.15,Fiber optic,2,0.49110118,Medium
4280-DLSHD,Month-to-month,8,54.75,DSL,2,0.4909159,Medium
8344-WFMFH,Month-to-month,9,50.1,DSL,1,0.4902432,Medium
8963-JLGJT,Month-to-month,3,55.9,DSL,2,0.4902211,Medium
9350-VLHMB,Month-to-month,67,89.55,Fiber optic,2,0.4899355,Medium
2273-QCKXA,Month-to-month,1,49.05,DSL,1,0.48951647,Medium
4320-QMLLA,Month-to-month,7,54.85,DSL,1,0.4893601,Medium
5966-EMAZU,One year,64,108.5,Fiber optic,5,0.4893564,Medium
6522-YRBXD,Month-to-month,35,94.55,Fiber optic,3,0.4891895,Medium
7814-LEEVE,Month-to-month,1,20.3,No,0,0.48902398,Medium
3164-YAXFY,Month-to-month,57,53.75,DSL,4,0.4889419,Medium
3604-WLABM,Month-to-month,10,54.25,DSL,2,0.48842934,Medium
8885-QSQBX,Month-to-month,1,49.55,DSL,1,0.48829073,Medium
6133-OZILE,Month-to-month,18,35.2,DSL,2,0.48823905,Medium
1216-BGTSP,Month-to-month,45,108.45,Fiber optic,5,0.4880864,Medium
6583-SZVGP,Two year,48,108.1,Fiber optic,4,0.48793355,Medium
9776-OJUZI,Month-to-month,65,95.45,Fiber optic,3,0.48787138,Medium
3982-XWFZQ,Month-to-month,42,50.25,DSL,0,0.4878504,Medium
9170-GYZJC,Month-to-month,41,79.9,DSL,5,0.48767558,Medium
5285-MVEHD,One year,56,105.6,Fiber optic,5,0.48750666,Medium
6859-RKMZJ,Month-to-month,11,55.05,DSL,1,0.48744473,Medium
1098-TDVUQ,Month-to-month,1,19.25,No,0,0.48740837,Medium
4724-WXVWF,Month-to-month,48,95.4,Fiber optic,3,0.4871389,Medium
1763-WQFUK,Month-to-month,3,50.5,DSL,1,0.48680797,Medium
7639-SUPCW,Month-to-month,22,48.8,DSL,1,0.48655528,Medium
0691-JVSYA,One year,53,94.85,Fiber optic,3,0.48642898,Medium
7798-JVXYM,Month-to-month,14,69.65,DSL,3,0.48636717,Medium
8903-WMRNW,Month-to-month,15,101.75,Fiber optic,4,0.48634246,Medium
0929-HYQEW,Month-to-month,3,50.15,DSL,1,0.48633203,Medium
5089-IFSDP,Two year,58,109.45,Fiber optic,5,0.48626342,Medium
3062-ICYZQ,Month-to-month,51,93.8,Fiber optic,3,0.4861792,Medium
6804-GDMOI,Two year,61,106.6,Fiber optic,4,0.4860493,Medium
7449-HVPIV,Month-to-month,55,90.4,Fiber optic,2,0.48594838,Medium
2794-XIMMO,One year,53,60.45,DSL,5,0.4859164,Medium
1169-WCVAK,Month-to-month,19,88.8,Fiber optic,3,0.48570427,Medium
2798-NYLMZ,Two year,71,108.55,Fiber optic,5,0.4856126,Medium
2207-OBZNX,Month-to-month,7,51.0,DSL,1,0.48543656,Medium
4480-MBMLB,One year,36,104.8,Fiber optic,4,0.4854105,Medium
4324-AHJKS,Month-to-month,5,55.8,DSL,2,0.48534158,Medium
7669-LCRSD,Month-to-month,12,56.3,DSL,1,0.4851782,Medium
3419-SNJJD,Month-to-month,65,105.25,Fiber optic,4,0.48510778,Medium
6158-DWPZT,One year,9,24.1,DSL,0,0.4850086,Medium
9170-CCKOU,Month-to-month,17,90.2,Fiber optic,3,0.48486632,Medium
0991-BRRFB,Month-to-month,18,49.4,DSL,1,0.4848123,Medium
0114-PEGZZ,Month-to-month,33,107.55,Fiber optic,4,0.4847632,Medium
0003-MKNFE,Month-to-month,9,59.9,DSL,1,0.48452935,Medium
4895-TMWIR,Month-to-month,11,19.95,No,0,0.4843918,Medium
9626-WEQRM,Month-to-month,4,29.15,DSL,1,0.4842994,Medium
6549-NNDYT,Month-to-month,13,30.85,DSL,1,0.4834975,Medium
7905-TVXTA,Month-to-month,5,64.35,DSL,3,0.48343986,Medium
3207-OYBWH,Month-to-month,57,95.25,Fiber optic,3,0.48336303,Medium
9971-ZWPBF,Month-to-month,34,108.9,Fiber optic,5,0.48326296,Medium
2436-QBZFP,Month-to-month,22,39.2,DSL,2,0.483182,Medium
4710-FDUIZ,One year,56,100.3,Fiber optic,3,0.48285016,Medium
2252-JHJGE,One year,61,104.0,Fiber optic,4,0.48270813,Medium
4640-UHDOS,Month-to-month,13,55.95,DSL,1,0.4826118,Medium
9912-OMZDS,One year,59,106.15,Fiber optic,4,0.4825957,Medium
5136-GFPMB,Month-to-month,54,89.4,Fiber optic,2,0.48259526,Medium
9822-WMWVG,Month-to-month,41,106.5,Fiber optic,5,0.48249766,Medium
4324-BZCKL,Month-to-month,10,55.55,DSL,2,0.48229393,Medium
4619-EVPHY,One year,20,91.0,Fiber optic,2,0.48200428,Medium
1930-WNXSB,Month-to-month,58,92.85,Fiber optic,3,0.481956,Medium
8725-JEDFD,Month-to-month,27,69.05,Fiber optic,0,0.48192763,Medium
8755-IWJHN,Month-to-month,69,95.35,Fiber optic,3,0.48190466,Medium
7047-FWEYA,One year,46,103.15,Fiber optic,4,0.48187733,Medium
5202-IVJNU,Month-to-month,39,30.1,DSL,1,0.48176855,Medium
1436-ZMJAN,Month-to-month,10,67.8,DSL,3,0.48165524,Medium
1791-PQHBB,Month-to-month,2,61.2,DSL,2,0.48158154,Medium
0178-CIIKR,Month-to-month,3,19.95,No,0,0.48058543,Medium
6075-SLNIL,Month-to-month,38,95.1,Fiber optic,3,0.4802836,Medium
7623-TRNQN,Month-to-month,1,49.9,DSL,1,0.48012963,Medium
9681-KYGYB,Month-to-month,49,88.2,Fiber optic,3,0.4796707,Medium
7693-QPEFS,Month-to-month,52,72.95,Fiber optic,0,0.4794287,Medium
1871-MOWRM,Month-to-month,12,80.85,Fiber optic,2,0.479379,Medium
9710-ZUSHQ,Month-to-month,37,106.75,Fiber optic,4,0.47931954,Medium
2927-QRRQV,One year,46,94.65,Fiber optic,3,0.47914138,Medium
5816-QVHRX,Month-to-month,37,100.3,Fiber optic,3,0.47803354,Medium
2480-EJWYP,One year,58,97.8,Fiber optic,3,0.4778966,Medium
1591-NFNLQ,Month-to-month,51,80.0,Fiber optic,1,0.47769403,Medium
2995-UPRYS,One year,40,99.2,Fiber optic,4,0.47757953,Medium
7426-GSWPO,Month-to-month,64,103.5,Fiber optic,4,0.47733897,Medium
4109-CYRBD,Month-to-month,29,51.6,DSL,0,0.4768408,Medium
4282-ACRXS,Month-to-month,38,24.85,DSL,0,0.47655585,Medium
8887-IPQNC,Month-to-month,7,44.25,DSL,0,0.47649148,Medium
6168-YBYNP,Month-to-month,59,111.35,Fiber optic,5,0.47647554,Medium
3927-NLNRY,One year,53,94.25,Fiber optic,3,0.47624382,Medium
0641-EVBOJ,Month-to-month,3,82.3,Fiber optic,2,0.4758146,Medium
1120-BMWUB,Month-to-month,16,53.9,DSL,2,0.4757238,Medium
7594-LZNWR,Month-to-month,34,69.15,Fiber optic,0,0.47567454,Medium
0481-SUMCB,One year,45,102.15,Fiber optic,3,0.4755354,Medium
5934-TSSAU,Month-to-month,23,75.3,Fiber optic,1,0.47552773,Medium
1456-TWCGB,Month-to-month,4,49.25,DSL,1,0.47541422,Medium
3583-KRKMD,Month-to-month,18,75.9,Fiber optic,1,0.4753441,Medium
4800-CZMPC,One year,48,103.25,Fiber optic,4,0.47524935,Medium
7549-MYGPK,Month-to-month,63,100.55,Fiber optic,4,0.47501904,Medium
7621-VPNET,Month-to-month,42,85.9,Fiber optic,2,0.47474965,Medium
9518-RWHZL,One year,64,100.05,Fiber optic,3,0.47472933,Medium
2806-MLNTI,One year,52,105.1,Fiber optic,4,0.4747044,Medium
3932-CMDTD,One year,4,105.65,Fiber optic,5,0.47455585,Medium
7041-TXQJH,Month-to-month,37,40.2,DSL,2,0.47444066,Medium
1453-RZFON,Month-to-month,1,49.9,DSL,1,0.47413185,Medium
6635-CPNUN,Month-to-month,28,96.6,Fiber optic,3,0.47400668,Medium
0326-VDYXE,One year,70,97.65,Fiber optic,3,0.47361434,Medium
5174-ITUMV,One year,67,105.4,Fiber optic,4,0.4732986,Medium
7459-RRWQZ,Month-to-month,15,64.65,DSL,2,0.4732765,Medium
9374-YOLBJ,Month-to-month,1,19.25,No,0,0.47322175,Medium
5575-TPIZQ,Month-to-month,46,89.15,Fiber optic,2,0.47270405,Medium
3589-PPVKW,Month-to-month,9,44.4,DSL,0,0.47254544,Medium
6559-ILWKJ,Two year,71,49.35,DSL,3,0.47210315,Medium
1173-NOEYG,Month-to-month,27,90.15,Fiber optic,2,0.47195992,Medium
2455-USLMV,Month-to-month,31,84.75,Fiber optic,2,0.47179556,Medium
9584-EXCDZ,Month-to-month,17,70.5,Fiber optic,0,0.47173664,Medium
0136-IFMYD,Two year,69,109.95,Fiber optic,5,0.47167793,Medium
2874-YXVVA,Month-to-month,34,105.1,Fiber optic,5,0.4716078,Medium
4026-SKKHW,Month-to-month,3,50.25,DSL,1,0.4714854,Medium
2669-QVCRG,Month-to-month,41,81.3,Fiber optic,1,0.47109267,Medium
5802-ADBRC,One year,50,104.4,Fiber optic,4,0.4708269,Medium
0212-ISBBF,Month-to-month,22,50.35,DSL,3,0.47053617,Medium
8402-EIVQS,One year,67,100.9,Fiber optic,4,0.4704349,Medium
3580-REOAC,Month-to-month,10,44.85,DSL,0,0.4703771,Medium
6572-ADKRS,Month-to-month,46,74.8,Fiber optic,1,0.4703534,Medium
7789-HKSBS,One year,42,105.2,Fiber optic,4,0.47027734,Medium
1423-BMPBQ,Month-to-month,1,19.0,No,0,0.4700875,Medium
5424-RLQLC,Month-to-month,10,59.65,DSL,2,0.4700737,Medium
5868-YTYKS,Month-to-month,1,20.25,No,0,0.4699684,Medium
2000-MPKCA,One year,58,107.75,Fiber optic,5,0.46962306,Medium
6769-DCQLI,One year,52,105.0,Fiber optic,5,0.469343,Medium
3030-YZADT,Month-to-month,9,44.95,DSL,0,0.469294,Medium
6985-HAYWX,Month-to-month,26,79.3,Fiber optic,1,0.46900707,Medium
3511-APPBJ,One year,23,99.95,Fiber optic,4,0.46891877,Medium
7821-DPRQE,Month-to-month,68,107.7,Fiber optic,5,0.46876198,Medium
2988-PLAHS,One year,3,69.95,DSL,3,0.4686407,Medium
1170-SASML,Month-to-month,69,85.4,Fiber optic,2,0.46850896,Medium
0980-PVMRC,Month-to-month,40,50.85,DSL,3,0.46843833,Medium
8329-UTMVM,One year,27,104.65,Fiber optic,4,0.46835577,Medium
6825-UYPFK,Month-to-month,23,75.6,Fiber optic,0,0.46825978,Medium
3161-GETRM,Month-to-month,34,90.05,Fiber optic,2,0.46823782,Medium
9777-WJJPR,Month-to-month,31,88.65,Fiber optic,2,0.46821272,Medium
6837-HAEVO,Two year,69,105.0,Fiber optic,4,0.46785948,Medium
0742-MOABM,Month-to-month,4,50.05,DSL,1,0.46776554,Medium
3230-WYKIR,One year,18,82.0,DSL,4,0.46763912,Medium
3733-LSYCE,Month-to-month,15,75.35,Fiber optic,1,0.4673041,Medium
9688-YGXVR,Month-to-month,44,88.15,Fiber optic,3,0.4673022,Medium
2027-WKXMW,Month-to-month,63,108.75,Fiber optic,5,0.46690014,Medium
4355-HBJHH,Two year,67,79.7,DSL,4,0.46675673,Medium
1215-FIGMP,Month-to-month,60,89.9,Fiber optic,2,0.46637034,Medium
5886-VLQVU,Month-to-month,35,89.85,Fiber optic,2,0.46630248,Medium
5349-AZPEW,Month-to-month,5,25.05,DSL,0,0.46601745,Medium
6693-FRIRW,Month-to-month,18,101.3,Fiber optic,4,0.46561474,Medium
7916-VCCPB,Month-to-month,16,73.25,Fiber optic,1,0.46559116,Medium
2853-CWQFQ,Month-to-month,1,59.55,DSL,2,0.46554962,Medium
0257-ZESQC,Month-to-month,27,75.2,Fiber optic,1,0.4654421,Medium
8773-HHUOZ,Month-to-month,17,64.7,DSL,2,0.46535933,Medium
5060-TQUQN,Month-to-month,30,83.55,Fiber optic,2,0.46462253,Medium
8450-JOVAH,Month-to-month,2,56.7,DSL,1,0.46452633,Medium
2321-OMBXY,One year,38,80.3,DSL,5,0.46451655,Medium
4182-BGSIQ,Month-to-month,10,19.8,No,0,0.46415168,Medium
3733-ZEECP,Month-to-month,22,51.1,DSL,1,0.4641219,Medium
3058-WQDRE,Month-to-month,13,25.15,DSL,0,0.46410063,Medium
2001-MCUUW,Two year,46,108.65,Fiber optic,5,0.46406615,Medium
0520-FDVVT,One year,35,102.35,Fiber optic,4,0.4638473,Medium
0678-RLHVP,Two year,53,105.55,Fiber optic,4,0.46357334,Medium
3521-SYVOR,Month-to-month,37,64.75,DSL,2,0.46356913,Medium
4106-HADHQ,One year,39,80.0,DSL,5,0.46325415,Medium
4524-QCSSM,Month-to-month,26,44.65,DSL,3,0.463163,Medium
7966-YOTQW,Month-to-month,10,54.5,DSL,1,0.4629678,Medium
1986-PHGZF,Month-to-month,18,58.4,DSL,2,0.46291313,Medium
7521-AFHAB,Month-to-month,5,44.8,DSL,0,0.4627057,Medium
5510-BOIUJ,Month-to-month,1,19.25,No,0,0.46239427,Medium
8257-RZAHR,Month-to-month,14,64.7,DSL,2,0.46230912,Medium
6128-DAFVY,Month-to-month,56,44.85,DSL,2,0.46227613,Medium
9053-JZFKV,Two year,67,116.2,Fiber optic,6,0.46201935,Medium
6218-KNUBD,Month-to-month,6,59.45,DSL,2,0.46164122,Medium
2960-NKRSO,Month-to-month,24,85.95,Fiber optic,3,0.46158472,Medium
6629-LADHQ,Month-to-month,2,50.95,DSL,1,0.461331,Medium
1395-OFUWC,Month-to-month,43,29.3,DSL,1,0.46086118,Medium
8920-NAVAY,One year,62,110.75,Fiber optic,5,0.46066022,Medium
6481-ESCNL,Month-to-month,29,100.55,Fiber optic,3,0.4603589,Medium
9708-KFDBY,Month-to-month,1,20.55,No,0,0.46011356,Medium
6097-EQISJ,One year,66,102.45,Fiber optic,4,0.45959026,Medium
9445-ZUEQE,Month-to-month,27,85.2,Fiber optic,2,0.45916468,Medium
9089-UOWJG,Month-to-month,12,58.35,DSL,2,0.45897886,Medium
8404-FYDIB,Month-to-month,26,86.65,Fiber optic,2,0.45886552,Medium
4826-TZEVA,Month-to-month,40,74.8,Fiber optic,1,0.45878106,Medium
6214-EDAKZ,Month-to-month,22,55.15,DSL,2,0.458362,Medium
0409-WTMPL,One year,58,110.65,Fiber optic,5,0.45830092,Medium
6789-HJBWG,Month-to-month,12,49.4,DSL,1,0.45807078,Medium
8158-WPEZG,Month-to-month,11,35.65,DSL,2,0.4577435,Medium
7982-VCELR,Month-to-month,36,94.8,Fiber optic,3,0.45716813,Medium
5419-JKZNQ,Month-to-month,30,77.9,Fiber optic,0,0.45716769,Medium
3689-MOZGR,Month-to-month,29,31.2,DSL,1,0.45704353,Medium
4608-LCIMN,Month-to-month,8,44.65,DSL,0,0.45702884,Medium
6968-MHOMU,One year,58,45.0,DSL,2,0.45666718,Medium
2115-BFTIW,Month-to-month,25,70.95,Fiber optic,0,0.45637307,Medium
1442-BQPVU,Month-to-month,13,29.15,DSL,1,0.4562321,Medium
1548-FEHVL,Month-to-month,61,106.2,Fiber optic,4,0.45618743,Medium
9469-WEJBT,Month-to-month,37,90.35,Fiber optic,3,0.455984,Medium
2988-GBIVW,Month-to-month,70,90.85,Fiber optic,2,0.45590755,Medium
9732-EQMWY,Month-to-month,49,99.4,Fiber optic,4,0.45588624,Medium
4001-TSBTV,Month-to-month,58,91.55,Fiber optic,3,0.45574805,Medium
5146-CBVOE,Month-to-month,16,75.1,Fiber optic,1,0.45561582,Medium
6968-GMKPR,Month-to-month,55,81.55,Fiber optic,2,0.45509353,Medium
8292-TYSPY,Month-to-month,19,55.0,DSL,2,0.45465112,Medium
6360-SVNWV,Month-to-month,31,73.55,Fiber optic,1,0.45454484,Medium
6710-HSJRD,Month-to-month,61,114.1,Fiber optic,5,0.4545186,Medium
1205-WNWPJ,Month-to-month,7,59.5,DSL,2,0.45438328,Medium
2139-FQHLM,Month-to-month,19,89.95,Fiber optic,3,0.4542778,Medium
1100-DDVRV,Month-to-month,17,49.8,DSL,3,0.45416114,Medium
1728-CXQBE,Month-to-month,64,94.25,Fiber optic,3,0.45372558,Medium
2040-VZIKE,Month-to-month,49,100.85,Fiber optic,3,0.4534122,Medium
8706-HRADD,Month-to-month,21,43.55,DSL,3,0.45332992,Medium
7074-STDCN,Month-to-month,39,40.6,DSL,2,0.45330915,Medium
1074-AMIOH,Month-to-month,53,108.25,Fiber optic,5,0.45329553,Medium
1541-ETJZO,Month-to-month,1,62.05,DSL,2,0.45300117,Medium
3645-DEYGF,Month-to-month,1,20.75,No,0,0.4527887,Medium
4612-THJBS,One year,56,104.75,Fiber optic,4,0.45263743,Medium
4851-BQDNX,One year,40,85.05,Fiber optic,2,0.45255908,Medium
8992-VONJD,Month-to-month,13,56.0,DSL,2,0.45255253,Medium
7716-YTYHG,One year,48,82.05,Fiber optic,1,0.4524121,Medium
4097-YODCF,One year,34,103.8,Fiber optic,4,0.45239946,Medium
5600-PDUJF,Month-to-month,6,49.5,DSL,1,0.45223206,Medium
0618-XWMSS,Month-to-month,28,74.9,Fiber optic,1,0.45171624,Medium
6954-OOYZZ,Month-to-month,18,44.35,DSL,0,0.45155784,Medium
2773-OVBPK,Two year,67,111.3,Fiber optic,5,0.4511744,Medium
9254-RBFON,One year,17,98.6,Fiber optic,4,0.45114204,Medium
3018-TFTSU,Month-to-month,12,81.7,Fiber optic,2,0.45070007,Medium
1049-FYSYG,Month-to-month,17,35.65,DSL,2,0.45062375,Medium
1428-IEDPR,Two year,52,109.3,Fiber optic,5,0.45005155,Medium
8190-ZTQFB,One year,41,51.35,DSL,3,0.44998616,Medium
1041-RXHRA,Month-to-month,41,70.25,Fiber optic,0,0.44987333,Medium
0541-FITGH,Month-to-month,2,62.15,DSL,2,0.4498068,Medium
4558-CGYCZ,Month-to-month,4,19.75,No,0,0.4497537,Medium
7554-AKDQF,Month-to-month,6,45.65,DSL,0,0.44967896,Medium
7009-LGECI,Month-to-month,4,50.55,DSL,1,0.4493193,Medium
3143-ILDAL,Month-to-month,56,94.45,Fiber optic,3,0.44915926,Medium
0380-NEAVX,One year,34,99.85,Fiber optic,4,0.44897148,Medium
3756-VNWDH,One year,65,100.75,Fiber optic,3,0.44832388,Medium
6917-IAYHD,Month-to-month,1,33.6,DSL,2,0.44804025,Medium
2144-BFDSO,Month-to-month,50,108.75,Fiber optic,5,0.44774574,Medium
9375-MHRRS,Month-to-month,6,50.05,DSL,1,0.44747987,Medium
5778-BVOFB,Month-to-month,9,59.5,DSL,2,0.44739413,Medium
7075-BNDVQ,Month-to-month,4,35.0,DSL,2,0.44718587,Medium
6483-OATDN,Month-to-month,8,51.3,DSL,1,0.4468228,Medium
9500-LTVBP,Month-to-month,35,80.05,Fiber optic,1,0.4466984,Medium
3014-WJKSM,Month-to-month,29,75.3,Fiber optic,1,0.44632763,Medium
8565-HBFNN,One year,69,107.2,Fiber optic,5,0.44622037,Medium
2207-QPJED,Month-to-month,37,90.0,Fiber optic,3,0.44598645,Medium
5002-GCQFH,Month-to-month,49,93.85,Fiber optic,3,0.4459817,Medium
4080-IIARD,Month-to-month,13,76.2,DSL,4,0.44597322,Medium
7030-NJVDP,Month-to-month,24,89.25,Fiber optic,3,0.44559342,Medium
4012-ZTHBR,Month-to-month,21,44.95,DSL,0,0.44557393,Medium
5076-YVXCM,Month-to-month,51,83.4,Fiber optic,1,0.44510928,Medium
0080-OROZO,One year,35,99.25,Fiber optic,4,0.4445096,Medium
1089-HDMKP,Month-to-month,11,54.55,DSL,2,0.4442761,Medium
9481-SFCQY,Month-to-month,14,59.8,DSL,2,0.4442338,Medium
0260-ZDLGK,Month-to-month,9,72.9,DSL,4,0.4439113,Medium
6777-TGHTM,One year,53,106.95,Fiber optic,4,0.4438332,Medium
0811-GSDTP,Month-to-month,13,30.15,DSL,1,0.4436139,Medium
6891-JPYFF,Month-to-month,48,105.25,Fiber optic,4,0.44323602,Medium
5897-ZYEKH,One year,67,105.6,Fiber optic,4,0.44246107,Medium
2828-SLQPF,Month-to-month,19,45.0,DSL,0,0.44225103,Medium
3256-EZDBI,Month-to-month,51,29.45,DSL,1,0.44224867,Medium
0103-CSITQ,One year,57,109.4,Fiber optic,5,0.44210994,Medium
5616-PRTNT,Month-to-month,20,19.4,No,0,0.44209912,Medium
1907-YLNYW,Month-to-month,8,66.7,DSL,3,0.4420515,Medium
5740-YHGTW,Month-to-month,70,97.55,Fiber optic,3,0.44184762,Medium
1370-GGAWX,One year,46,94.15,Fiber optic,3,0.44165507,Medium
5071-FBJFS,Month-to-month,4,50.3,DSL,1,0.4415515,Medium
2237-ZFSMY,One year,39,95.55,Fiber optic,4,0.4409103,Medium
5481-NTDOH,One year,67,107.05,Fiber optic,4,0.4408323,Medium
5073-WXOYN,Month-to-month,60,50.8,DSL,3,0.44051725,Medium
5188-HGMLP,Month-to-month,54,74.0,Fiber optic,0,0.44045147,Medium
3090-HAWSU,Two year,61,111.6,Fiber optic,5,0.4400312,Medium
0461-CVKMU,Month-to-month,23,83.8,Fiber optic,3,0.440023,Medium
2257-BOVXD,Month-to-month,14,66.6,DSL,2,0.4399432,Medium
5973-EJGDP,Month-to-month,51,87.35,Fiber optic,3,0.43973702,Medium
5687-DKDTV,Month-to-month,4,20.35,No,0,0.4389244,Medium
3873-NFTGI,Month-to-month,14,55.5,DSL,1,0.43870664,Medium
4695-VADHF,Month-to-month,18,57.45,DSL,2,0.43861178,Medium
5174-RNGBH,Month-to-month,9,66.25,DSL,3,0.43833092,Medium
8671-KKKOS,Month-to-month,46,45.55,DSL,3,0.43832478,Medium
5482-NUPNA,Month-to-month,4,60.4,DSL,3,0.43830806,Medium
2826-UWHIS,Month-to-month,45,81.4,Fiber optic,1,0.4383023,Medium
9233-PSYHO,One year,45,100.15,Fiber optic,3,0.43820173,Medium
5423-BHIXO,Month-to-month,32,54.2,DSL,1,0.43785793,Medium
4439-YRNVD,Month-to-month,10,36.25,DSL,2,0.4376598,Medium
8715-KKTFG,One year,61,103.3,Fiber optic,4,0.43759674,Medium
4636-JGAAI,Month-to-month,34,88.85,Fiber optic,2,0.43715754,Medium
0959-WHOKV,One year,42,99.0,Fiber optic,4,0.43680638,Medium
5131-PONJI,Month-to-month,49,90.4,Fiber optic,3,0.4367751,Medium
3272-VUHPV,Month-to-month,8,56.3,DSL,2,0.43667254,Medium
1114-CENIM,Month-to-month,54,55.0,DSL,1,0.43658978,Medium
7619-ODSGN,Month-to-month,24,54.75,DSL,1,0.4359659,Medium
7850-VWJUU,Month-to-month,23,75.0,Fiber optic,1,0.43582582,Medium
3936-QQFLL,Month-to-month,2,19.75,No,0,0.43565208,Medium
1470-PSXNM,One year,49,93.65,Fiber optic,3,0.43555382,Medium
6261-RCVNS,One year,42,73.9,DSL,5,0.4354518,Medium
2293-IJWPS,One year,57,100.75,Fiber optic,3,0.43527618,Medium
8455-HIRAQ,Month-to-month,8,44.45,DSL,0,0.43491206,Medium
7742-MYPGI,Month-to-month,6,48.8,DSL,1,0.43373463,Medium
2640-LYMOV,Month-to-month,2,19.65,No,0,0.43368295,Medium
8203-XJZRC,Month-to-month,1,20.25,No,0,0.4335897,Medium
4211-MMAZN,Month-to-month,1,20.25,No,0,0.4335897,Medium
4753-PADAS,One year,67,105.7,Fiber optic,4,0.4335276,Medium
8495-PRWFH,Month-to-month,42,55.65,DSL,1,0.4333453,Medium
3351-NQLDI,One year,67,94.35,Fiber optic,3,0.43306735,Medium
3007-FDPEA,Month-to-month,2,20.7,No,0,0.43293333,Medium
2087-QAREY,Month-to-month,22,54.7,DSL,2,0.43292242,Medium
0804-XBFBV,Month-to-month,11,25.2,DSL,0,0.4322382,Medium
3016-KSVCP,Month-to-month,29,33.75,DSL,1,0.43213153,Medium
1698-XFZCI,One year,61,107.75,Fiber optic,5,0.43211567,Medium
8751-EDEKA,Month-to-month,28,89.9,Fiber optic,3,0.43206492,Medium
0799-DDIHE,Month-to-month,15,46.3,DSL,0,0.43198553,Medium
8819-ZBYNA,Two year,58,109.1,Fiber optic,5,0.4318893,Medium
5360-LJCNJ,Two year,71,105.15,Fiber optic,4,0.43155575,Medium
6333-YDVLT,One year,65,110.0,Fiber optic,5,0.43143046,Medium
2931-SVLTV,Month-to-month,40,110.1,Fiber optic,5,0.4311316,Medium
3717-LNXKW,Month-to-month,38,91.7,Fiber optic,2,0.4310364,Medium
1047-NNCBF,Month-to-month,20,70.55,Fiber optic,0,0.43096855,Medium
6655-LHBYW,One year,50,114.35,Fiber optic,6,0.43078807,Medium
7398-LXGYX,Month-to-month,44,84.8,Fiber optic,2,0.43041617,Medium
6486-LHTMA,One year,31,90.7,Fiber optic,2,0.43019834,Medium
7614-QVWQL,One year,49,51.8,DSL,3,0.43006328,Medium
0956-ACVZC,One year,54,94.1,Fiber optic,3,0.42999762,Medium
8945-MUQUF,One year,51,94.8,Fiber optic,3,0.42992157,Medium
8124-NZVGJ,One year,6,49.25,DSL,3,0.42990866,Medium
8647-SDTWQ,Month-to-month,57,74.3,Fiber optic,0,0.42988256,Medium
9896-UYMIE,One year,66,114.3,Fiber optic,6,0.42883444,Medium
8313-KTIHG,Month-to-month,4,61.3,DSL,2,0.4285938,Medium
3807-BPOMJ,One year,55,94.75,Fiber optic,3,0.42822057,Medium
9820-RMCQV,Month-to-month,11,48.55,DSL,1,0.4280851,Medium
1996-DBMUS,Month-to-month,48,70.65,Fiber optic,0,0.4278673,Medium
4801-JZAZL,Month-to-month,11,29.6,DSL,1,0.427708,Medium
1550-LOAHA,Month-to-month,32,84.15,Fiber optic,2,0.4269625,Medium
5302-BDJNT,Month-to-month,35,95.5,Fiber optic,3,0.42669544,Medium
6345-ULYRW,One year,44,88.4,Fiber optic,2,0.42570832,Medium
8486-AYEQH,Month-to-month,31,76.05,Fiber optic,0,0.42562875,Medium
4391-LNRXK,Month-to-month,22,94.95,Fiber optic,4,0.42537147,Medium
5294-CDGWY,One year,51,59.3,DSL,5,0.4253461,Medium
0314-TKOSI,Month-to-month,6,55.15,DSL,2,0.42524874,Medium
6664-FPDAC,One year,56,111.95,Fiber optic,5,0.42511973,Medium
0565-IYCGT,One year,69,78.6,DSL,5,0.42511863,Medium
1600-DILPE,Month-to-month,12,45.0,DSL,0,0.42500973,Medium
5201-FRKKS,Month-to-month,25,74.3,Fiber optic,1,0.42498,Medium
8006-PYCSW,Month-to-month,2,20.1,No,0,0.42494956,Medium
2172-EJXVF,One year,71,105.9,Fiber optic,4,0.42479092,Medium
3707-LRWZD,One year,32,84.05,Fiber optic,1,0.4245816,Medium
0795-GMVQO,One year,67,109.9,Fiber optic,5,0.4244882,Medium
2937-FTHUR,Month-to-month,18,64.8,DSL,2,0.4244382,Medium
2378-HTWFW,Month-to-month,35,91.0,Fiber optic,2,0.42442098,Medium
6723-WSNTY,One year,66,108.1,Fiber optic,5,0.4243238,Medium
7130-CTCUS,Month-to-month,16,54.55,DSL,2,0.42406946,Medium
3174-RKMOW,Month-to-month,35,109.95,Fiber optic,5,0.4239529,Medium
2750-BJLSB,One year,47,103.7,Fiber optic,5,0.4237452,Medium
8262-COGGB,Month-to-month,1,20.45,No,0,0.42372128,Medium
5996-DAOQL,Month-to-month,1,20.45,No,0,0.42372128,Medium
0913-XWSCN,Month-to-month,55,85.5,Fiber optic,1,0.42364132,Medium
6839-ITVZJ,Month-to-month,26,60.05,DSL,2,0.42359483,Medium
0031-PVLZI,Month-to-month,4,20.35,No,0,0.42346525,Medium
8623-ULFNQ,Month-to-month,26,66.05,DSL,2,0.4229925,Medium
6952-OMNWB,Month-to-month,68,80.35,Fiber optic,1,0.42264554,Medium
7776-QGYJC,Month-to-month,39,81.5,Fiber optic,2,0.42197895,Medium
2346-DJQTB,Month-to-month,35,24.15,DSL,0,0.42159003,Medium
9501-UKKNL,Month-to-month,59,51.7,DSL,3,0.4209765,Medium
1559-DTODC,Month-to-month,19,25.15,DSL,0,0.42055428,Medium
5876-HZVZM,Month-to-month,6,55.9,DSL,2,0.4203597,Medium
1447-PJGGA,Two year,57,95.25,Fiber optic,3,0.41964442,Medium
7854-EDSSA,Month-to-month,22,59.0,DSL,2,0.41910034,Medium
5339-TJFEK,Month-to-month,62,105.5,Fiber optic,4,0.4190314,Medium
9643-YBLUR,Month-to-month,9,69.05,DSL,3,0.4189743,Medium
5639-NTUPK,Month-to-month,13,52.1,DSL,1,0.41894618,Medium
1357-MVDOZ,Month-to-month,11,59.65,DSL,2,0.41878808,Medium
2676-OXPPQ,Month-to-month,6,55.7,DSL,2,0.4186737,Medium
2592-YKDIF,Month-to-month,1,20.35,No,0,0.41808075,Medium
6994-FGRHH,One year,70,106.15,Fiber optic,5,0.41794336,Medium
9700-ISPUP,Month-to-month,10,65.5,DSL,3,0.41768083,Medium
7017-VFULY,Month-to-month,2,20.1,No,0,0.41761827,Medium
7343-EOBEU,Month-to-month,3,23.6,No,0,0.41749987,Medium
2700-LUEVA,Month-to-month,1,20.75,No,0,0.41743246,Medium
3956-CJUST,Month-to-month,23,75.4,Fiber optic,1,0.41688755,Medium
0423-UDIJQ,Month-to-month,9,49.2,DSL,1,0.41680482,Medium
2307-FYNNL,Two year,65,109.05,Fiber optic,5,0.41622785,Medium
1009-IRMNA,Month-to-month,7,20.0,No,0,0.4160052,Medium
3541-ZNUHK,Month-to-month,55,85.1,Fiber optic,2,0.4159706,Medium
6253-WRFHY,One year,13,64.75,DSL,2,0.41580474,Medium
0594-UFTUL,Month-to-month,13,19.85,No,0,0.41564643,Medium
8952-WCVCD,One year,41,104.45,Fiber optic,5,0.41564068,Medium
5939-XAIXZ,Month-to-month,19,56.1,DSL,1,0.41548038,Medium
6733-LRIZX,Two year,35,108.95,Fiber optic,5,0.41509932,Medium
7993-NQLJE,Month-to-month,15,75.1,Fiber optic,1,0.41481477,Medium
7544-ZVIKX,One year,58,105.05,Fiber optic,4,0.41356537,Medium
3865-QBWSJ,Month-to-month,38,80.45,Fiber optic,1,0.4134677,Medium
3522-CDKHF,Month-to-month,32,75.5,Fiber optic,1,0.41344297,Medium
0282-NVSJS,Month-to-month,12,29.3,DSL,1,0.41289493,Medium
0106-GHRQR,Month-to-month,16,71.4,DSL,3,0.41289428,Medium
4226-KKDON,Month-to-month,8,66.65,DSL,3,0.4128043,Medium
0228-MAUWC,Month-to-month,19,59.55,DSL,2,0.41266248,Medium
5651-WYIPH,Month-to-month,18,49.85,DSL,1,0.41250294,Medium
0871-OPBXW,Month-to-month,2,20.05,No,0,0.4124398,Medium
7576-JMYWV,Month-to-month,46,110.2,Fiber optic,5,0.41232464,Medium
8065-BVEPF,Month-to-month,65,99.1,Fiber optic,4,0.41168907,Medium
5084-OOVCJ,Month-to-month,17,55.35,DSL,2,0.41148043,Medium
7683-CBDKJ,Month-to-month,14,65.45,DSL,3,0.41145703,Medium
4123-FCVCB,One year,12,75.85,DSL,3,0.41136044,Medium
8152-UOBNY,One year,50,106.8,Fiber optic,4,0.41110584,Medium
1963-VAUKV,Month-to-month,1,20.4,No,0,0.41094932,Medium
3727-JEZTU,Month-to-month,1,20.4,No,0,0.41094932,Medium
6847-KJLTS,Month-to-month,58,100.4,Fiber optic,3,0.41088718,Medium
4628-WQCQQ,One year,35,85.15,Fiber optic,2,0.41010922,Medium
9828-QHFBK,Month-to-month,24,51.15,DSL,1,0.4100486,Medium
5013-SBUIH,Two year,50,109.65,Fiber optic,5,0.4097744,Medium
2267-WTPYD,Month-to-month,57,94.0,Fiber optic,3,0.40960065,Medium
5046-NUHWD,Month-to-month,29,45.0,DSL,3,0.40920198,Medium
3845-FXCYS,Month-to-month,2,19.65,No,0,0.40909022,Medium
3301-LSLWQ,Month-to-month,29,66.1,DSL,2,0.4089577,Medium
1360-XFJMR,One year,67,109.7,Fiber optic,5,0.4088051,Medium
7317-GGVPB,Two year,71,108.6,Fiber optic,5,0.40847915,Medium
8201-AAXCB,Month-to-month,25,60.35,DSL,1,0.40823576,Medium
3639-XJHKQ,Month-to-month,19,60.6,DSL,3,0.40803877,Medium
6749-UTDVX,Two year,72,103.65,Fiber optic,4,0.40793893,Medium
7054-ENNGU,Month-to-month,9,50.85,DSL,1,0.40785977,Medium
6946-LMSQS,One year,25,89.05,Fiber optic,2,0.4078561,Medium
1297-VQDRP,One year,68,107.15,Fiber optic,4,0.40734002,Medium
0013-MHZWF,Month-to-month,9,69.4,DSL,3,0.4071294,Medium
7272-QDCKA,One year,28,100.2,Fiber optic,3,0.4070382,Medium
1360-JYXKQ,One year,54,99.1,Fiber optic,4,0.40701023,Medium
2587-EKXTS,Month-to-month,44,111.5,Fiber optic,5,0.40663674,Medium
8250-ZNGGW,Month-to-month,5,59.9,DSL,3,0.40620077,Medium
9761-XUJWD,Month-to-month,5,65.6,DSL,3,0.40550134,Medium
1725-IQNIY,Two year,54,109.75,Fiber optic,6,0.40546647,Medium
9327-QSDED,Month-to-month,8,43.55,DSL,0,0.40528783,Medium
9909-IDLEK,Month-to-month,20,96.8,Fiber optic,3,0.40526322,Medium
1091-SOZGA,One year,56,99.8,Fiber optic,3,0.4051698,Medium
2576-HXMPA,Month-to-month,1,19.55,No,0,0.4046913,Medium
3162-ZJZFU,Month-to-month,53,92.55,Fiber optic,3,0.40439305,Medium
5701-ZIKJE,Month-to-month,13,50.55,DSL,1,0.40434915,Medium
5133-VRSAB,Month-to-month,8,29.35,DSL,1,0.404337,Medium
9079-YEXQJ,Month-to-month,54,111.1,Fiber optic,5,0.40415356,Medium
5651-CPDND,Month-to-month,10,46.0,DSL,0,0.4039988,Medium
9137-UIYPG,Month-to-month,35,106.9,Fiber optic,5,0.40398467,Medium
7128-GGCNO,Month-to-month,46,72.8,Fiber optic,0,0.4039503,Medium
2220-IAHLS,Month-to-month,1,19.4,No,0,0.40370846,Medium
4238-HFHSN,Month-to-month,61,82.15,Fiber optic,1,0.40307492,Medium
4130-MZLCC,Month-to-month,5,50.55,DSL,1,0.40298223,Medium
9591-YVTEB,Month-to-month,55,44.85,DSL,3,0.40242243,Medium
7083-YNSKY,Month-to-month,15,25.4,No,0,0.40230134,Medium
6270-OMFIW,One year,60,94.4,Fiber optic,3,0.40208864,Medium
1024-KPRBB,One year,38,89.1,Fiber optic,2,0.4020537,Medium
2080-SRCDE,Month-to-month,1,25.4,No,0,0.40192226,Medium
2839-RFSQE,Month-to-month,2,20.65,No,0,0.40187994,Medium
1394-SUIUH,Month-to-month,44,85.15,Fiber optic,3,0.40177158,Medium
9099-FTUHS,Month-to-month,23,54.4,DSL,1,0.40151012,Medium
2585-KTFRE,Month-to-month,1,70.45,DSL,4,0.40129867,Medium
9800-ONTFE,Month-to-month,22,75.8,Fiber optic,0,0.40128988,Medium
0274-JKUJR,Month-to-month,7,58.85,DSL,5,0.40115574,Medium
2208-NQBCT,Month-to-month,26,81.95,Fiber optic,2,0.40066853,Medium
6281-FKEWS,One year,44,49.05,DSL,3,0.4005311,Medium
9839-ETQOE,Month-to-month,43,40.45,DSL,3,0.40045264,Medium
0130-SXOUN,Month-to-month,66,89.4,Fiber optic,2,0.39958462,Medium
5172-MIGPM,Month-to-month,4,65.55,DSL,2,0.39944017,Medium
3694-DELSO,Month-to-month,4,38.55,DSL,2,0.39917815,Medium
4853-RULSV,Two year,70,104.0,Fiber optic,4,0.39911672,Medium
8980-WQFWL,Month-to-month,35,62.1,DSL,2,0.3986473,Medium
7109-MFBYV,Month-to-month,26,45.45,DSL,0,0.39838848,Medium
1150-WFARN,Two year,67,108.75,Fiber optic,5,0.3979648,Medium
9115-YQHGA,Month-to-month,40,51.1,DSL,1,0.39791325,Medium
0512-FLFDW,One year,60,100.5,Fiber optic,3,0.3978056,Medium
4282-MSACW,One year,68,117.2,Fiber optic,6,0.39735517,Medium
4580-TMHJU,Month-to-month,43,56.15,DSL,1,0.3971593,Medium
9862-KJTYK,Month-to-month,19,25.35,DSL,0,0.39711267,Medium
0058-EVZWM,Month-to-month,55,89.8,Fiber optic,2,0.39701515,Medium
6898-MDLZW,Month-to-month,12,53.75,DSL,2,0.39700264,Medium
2988-QRAJY,Two year,69,110.05,Fiber optic,5,0.39683095,Medium
7722-CVFXN,One year,54,105.2,Fiber optic,4,0.39670372,Medium
8982-NHAVY,One year,27,100.5,Fiber optic,3,0.39640212,Medium
9097-ZUBYC,Month-to-month,14,48.8,DSL,1,0.39578187,Medium
7410-KTVFV,Month-to-month,18,49.55,DSL,1,0.39568183,Medium
0215-BQKGS,Month-to-month,30,84.3,Fiber optic,3,0.39563903,Medium
3509-GWQGF,Month-to-month,24,70.0,Fiber optic,0,0.3953644,Medium
1265-XTECC,One year,68,96.55,Fiber optic,3,0.39509243,Medium
8217-QYOHV,Month-to-month,5,55.75,DSL,2,0.39506426,Medium
2886-KEFUM,One year,63,107.5,Fiber optic,4,0.3948024,Medium
3345-PBBFH,Month-to-month,8,49.55,DSL,1,0.39472586,Medium
5213-TWWJU,Month-to-month,28,91.0,Fiber optic,3,0.3945163,Medium
8979-CAMGB,One year,64,102.1,Fiber optic,4,0.39431348,Medium
4510-PYUSH,Month-to-month,38,57.15,DSL,2,0.39403135,Medium
7740-KKCXF,Month-to-month,51,30.05,DSL,1,0.39380547,Medium
3413-DHLPB,Month-to-month,60,103.75,Fiber optic,4,0.39375076,Medium
5311-IHLEI,Month-to-month,12,50.95,DSL,4,0.39369044,Medium
0568-ONFPC,Month-to-month,5,25.9,No,0,0.39358103,Medium
6199-IWKGC,One year,46,100.25,Fiber optic,3,0.39265117,Medium
8800-ZKRFW,Month-to-month,30,107.5,Fiber optic,5,0.3921873,Medium
2303-PJYHN,Month-to-month,2,19.85,No,0,0.39175305,Medium
5325-UWTWJ,Month-to-month,31,90.55,Fiber optic,3,0.3917183,Medium
3594-KADLU,Month-to-month,3,35.1,DSL,2,0.39106384,Medium
1958-RNRKS,Month-to-month,30,49.9,DSL,0,0.39086768,Medium
4010-YLMVT,Month-to-month,56,106.6,Fiber optic,4,0.39071172,Medium
4195-SMMNX,Month-to-month,2,20.35,No,0,0.39046708,Medium
5542-DHSXL,Month-to-month,4,54.7,DSL,2,0.38942143,Medium
0064-YIJGF,Month-to-month,27,75.75,Fiber optic,0,0.3893344,Medium
4765-OXPPD,Month-to-month,9,65.0,DSL,4,0.389153,Medium
5569-IDSEY,One year,71,105.7,Fiber optic,4,0.38897097,Medium
2476-YGEFM,Month-to-month,29,76.0,Fiber optic,0,0.3889643,Medium
3723-BFBGR,Month-to-month,24,54.8,DSL,1,0.38890803,Medium
8229-MYEJZ,Month-to-month,10,51.2,DSL,1,0.38869807,Medium
7869-ZYDST,Month-to-month,31,59.05,DSL,1,0.38823882,Medium
7521-YXVZY,Month-to-month,3,19.95,No,0,0.38819468,Medium
8329-GWVPJ,Month-to-month,50,69.75,Fiber optic,0,0.38814768,Medium
6288-LBEAR,Month-to-month,23,79.1,Fiber optic,2,0.38799345,Medium
7077-XJMET,Month-to-month,12,74.15,DSL,4,0.3877727,Medium
6861-OKBCE,Month-to-month,11,20.1,No,0,0.38753697,Medium
7826-VVKWT,Two year,24,96.55,Fiber optic,3,0.38694277,Medium
2615-YVMYX,Month-to-month,71,107.5,Fiber optic,5,0.38681388,Medium
3946-JEWRQ,One year,47,95.2,Fiber optic,2,0.38630444,Medium
8868-GAGIO,Month-to-month,45,84.55,Fiber optic,2,0.38626683,Medium
4191-XOVOM,Month-to-month,63,105.4,Fiber optic,4,0.38594198,Medium
3331-HQDTW,Month-to-month,34,109.8,Fiber optic,5,0.38518363,Medium
6473-ULUHT,Month-to-month,16,84.9,DSL,5,0.3849807,Medium
8433-WPJTV,One year,65,103.9,Fiber optic,4,0.384574,Medium
0917-EZOLA,Two year,72,104.15,Fiber optic,4,0.38456145,Medium
7611-YKYTC,Month-to-month,22,75.0,Fiber optic,1,0.3844554,Medium
7718-UPSKJ,One year,69,106.4,Fiber optic,5,0.38416427,Medium
0771-WLCLA,Month-to-month,16,112.95,Fiber optic,5,0.38414267,Medium
4083-BFNYK,One year,38,95.0,Fiber optic,3,0.38390347,Medium
7950-XWOVN,Month-to-month,11,34.7,DSL,2,0.38384715,Medium
4476-OSWTN,One year,69,110.55,Fiber optic,5,0.3837616,Medium
6689-VRRTK,One year,44,109.8,Fiber optic,5,0.38367277,Medium
6198-PNNSZ,One year,56,109.8,Fiber optic,5,0.3833335,Medium
9373-WSLOY,Month-to-month,33,50.0,DSL,4,0.38292277,Medium
1038-ZAGBI,One year,12,19.8,No,0,0.38275254,Medium
1087-UDSIH,Month-to-month,3,19.6,No,0,0.38189757,Medium
6029-CSMJE,Month-to-month,17,25.65,DSL,0,0.38186324,Medium
6738-ISCBM,One year,44,54.0,DSL,4,0.3816765,Medium
9881-VCZEP,Month-to-month,25,54.1,DSL,1,0.38149816,Medium
6231-WFGFH,Month-to-month,4,20.5,No,0,0.3812771,Medium
6942-LBFDP,Month-to-month,2,20.55,No,0,0.38118148,Medium
2889-FPWRM,One year,72,117.8,Fiber optic,6,0.38086826,Medium
4450-YOOHP,Month-to-month,39,50.65,DSL,3,0.38054436,Medium
9103-TCIHJ,Month-to-month,15,55.7,DSL,1,0.38044202,Medium
0567-GGCAC,Month-to-month,7,61.4,DSL,3,0.38037235,Medium
2898-MRKPI,One year,68,101.05,Fiber optic,3,0.37990782,Medium
4525-VZCZG,One year,54,105.85,Fiber optic,5,0.37955812,Medium
7188-CBBBA,One year,65,95.5,Fiber optic,3,0.3791909,Medium
2272-UOINI,Month-to-month,7,78.5,DSL,5,0.37917012,Medium
3413-CSSTH,Month-to-month,41,55.7,DSL,1,0.3789823,Medium
0431-APWVY,One year,28,90.1,Fiber optic,2,0.37896505,Medium
6854-EXGSF,Month-to-month,8,65.5,DSL,3,0.3785803,Medium
7124-UGSUR,One year,61,104.4,Fiber optic,4,0.37854084,Medium
6797-UCJHZ,One year,66,104.6,Fiber optic,4,0.37847775,Medium
4390-KYULV,Month-to-month,3,20.55,No,0,0.37841007,Medium
0887-WBJVH,One year,53,93.45,Fiber optic,3,0.3781656,Medium
2519-ERQOJ,Month-to-month,33,54.6,DSL,4,0.37805486,Medium
5056-FIMPT,One year,43,106.0,Fiber optic,5,0.3770248,Medium
7921-LMDFQ,One year,51,94.0,Fiber optic,3,0.37667984,Medium
5198-EFNBM,One year,57,90.65,Fiber optic,3,0.37654555,Medium
7130-YXBRO,Month-to-month,48,111.45,Fiber optic,5,0.3765232,Medium
0880-FVFWF,Month-to-month,56,86.4,Fiber optic,2,0.37584206,Medium
0239-OXEXL,Month-to-month,46,84.25,Fiber optic,2,0.37570807,Medium
3898-GUYTS,Month-to-month,45,97.05,Fiber optic,4,0.37565872,Medium
7777-UNYHB,Month-to-month,12,20.1,No,0,0.37560597,Medium
6578-KRMAW,Month-to-month,32,93.4,Fiber optic,4,0.37472668,Medium
5553-AOINX,One year,66,104.9,Fiber optic,4,0.3743694,Medium
7657-DYEPJ,One year,38,70.15,DSL,4,0.37428764,Medium
3181-MIZBN,Month-to-month,16,19.75,No,0,0.37425464,Medium
7409-JURKQ,One year,53,111.8,Fiber optic,5,0.37393755,Medium
5882-CMAZQ,Month-to-month,5,34.25,DSL,2,0.3738553,Medium
1596-OQSPS,Month-to-month,11,51.1,DSL,1,0.37364113,Medium
0112-QWPNC,One year,49,84.35,DSL,5,0.37352705,Medium
2709-UQGNP,Month-to-month,10,51.65,DSL,1,0.373523,Medium
7880-XSOJX,Month-to-month,4,42.4,DSL,3,0.373226,Medium
8375-KVTHK,One year,68,100.3,Fiber optic,4,0.3729245,Medium
5981-ZVXOT,One year,35,108.35,Fiber optic,5,0.37272352,Medium
5846-QFDFI,Month-to-month,33,88.6,Fiber optic,3,0.37249663,Medium
6351-SCJKT,Month-to-month,3,41.35,DSL,3,0.37234274,Medium
0129-KPTWJ,Month-to-month,72,94.65,Fiber optic,3,0.3711629,Medium
8552-OBVRU,Month-to-month,48,104.5,Fiber optic,5,0.37113956,Medium
5469-CTCWN,One year,61,106.0,Fiber optic,4,0.3710948,Medium
6668-CNMFP,One year,19,89.35,Fiber optic,2,0.37092862,Medium
8095-WANWK,Month-to-month,10,45.25,DSL,0,0.37090656,Medium
3584-WKTTW,One year,51,111.55,Fiber optic,5,0.3701766,Medium
4016-BJKTZ,Two year,25,108.9,Fiber optic,5,0.37017584,Medium
5206-HPJKM,Month-to-month,17,55.5,DSL,2,0.36984825,Medium
0851-DFJKB,Month-to-month,15,58.95,DSL,3,0.36971226,Medium
4452-QIIEB,Month-to-month,7,43.9,DSL,0,0.36950815,Medium
8631-NBHFZ,Two year,66,79.4,DSL,5,0.36937037,Medium
4827-USJHP,Month-to-month,20,51.8,DSL,1,0.36930862,Medium
8597-CWYHH,One year,43,94.35,Fiber optic,2,0.3691471,Medium
9342-VNIMQ,Month-to-month,33,54.65,DSL,1,0.3691436,Medium
1848-LBZHY,Month-to-month,7,50.3,DSL,1,0.36902666,Medium
4070-OKWVH,Month-to-month,52,94.6,Fiber optic,3,0.3690171,Medium
6773-LQTVT,Month-to-month,29,35.65,DSL,2,0.36896065,Medium
2740-JFBOK,Month-to-month,10,24.0,No,0,0.36877975,Medium
3097-IDVPU,Month-to-month,19,50.1,DSL,0,0.36854398,Medium
8023-QHAIO,Month-to-month,56,76.85,Fiber optic,1,0.36850843,Medium
4567-AKPIA,One year,41,109.1,Fiber optic,5,0.36805508,Medium
4576-CSAJH,One year,22,55.15,DSL,2,0.3677583,Medium
4323-SADQS,Month-to-month,7,34.5,DSL,2,0.3677122,Medium
8799-OXZMD,Month-to-month,28,29.75,DSL,1,0.3675239,Medium
2267-FPIMA,Month-to-month,50,94.4,Fiber optic,3,0.36720225,Medium
3657-COGMW,Month-to-month,52,108.1,Fiber optic,5,0.36708665,Medium
6131-FOYAS,Month-to-month,35,59.6,DSL,2,0.36699027,Medium
2475-MROZF,Month-to-month,30,95.0,Fiber optic,4,0.36675775,Medium
0330-BGYZE,One year,60,102.5,Fiber optic,4,0.36668772,Medium
5201-USSQZ,Month-to-month,26,85.9,Fiber optic,2,0.36668363,Medium
3893-JRNFS,Month-to-month,68,39.9,DSL,2,0.3665015,Medium
0899-WZRSD,Month-to-month,56,105.35,Fiber optic,4,0.36619526,Medium
8050-WYBND,One year,22,49.45,DSL,3,0.36566457,Medium
2270-CHBFN,Month-to-month,44,95.1,Fiber optic,4,0.36545566,Medium
4486-EFAEB,Month-to-month,13,20.4,No,0,0.36505818,Medium
1360-RCYRT,Month-to-month,23,30.35,DSL,1,0.3641408,Medium
3863-IUBJR,One year,12,53.65,DSL,1,0.3640586,Medium
0030-FNXPP,Month-to-month,3,19.85,No,0,0.3639486,Medium
7036-TYDEC,Two year,69,104.0,Fiber optic,4,0.36374325,Medium
7245-JMTTQ,One year,51,111.5,Fiber optic,5,0.36261016,Medium
7905-NJMXS,Month-to-month,7,64.2,DSL,3,0.3624069,Medium
1174-FGIFN,One year,28,90.45,Fiber optic,2,0.3619769,Medium
3308-MHOOC,Month-to-month,1,19.2,No,0,0.36195257,Medium
1699-HPSBG,One year,12,59.8,DSL,2,0.36171603,Medium
1703-MGIAB,Month-to-month,17,69.0,DSL,3,0.36155838,Medium
1810-BOHSY,One year,51,96.4,Fiber optic,3,0.36148077,Medium
7854-EKTJL,Month-to-month,2,19.6,No,0,0.3612463,Medium
0734-OXWBT,Month-to-month,3,70.7,DSL,3,0.36116663,Medium
4132-POCZS,Month-to-month,52,39.9,DSL,2,0.361018,Medium
4767-HZZHQ,Month-to-month,30,82.05,Fiber optic,2,0.36091784,Medium
1658-XUHBX,Month-to-month,59,88.75,Fiber optic,2,0.36085913,Medium
4672-FOTSD,Month-to-month,12,67.25,DSL,3,0.36082685,Medium
6469-QJKZW,Month-to-month,4,20.15,No,0,0.3608102,Medium
0137-UDEUO,Month-to-month,3,19.85,No,0,0.36066198,Medium
4673-KKSLS,Month-to-month,31,87.6,Fiber optic,3,0.36048022,Medium
2716-GFZOR,Month-to-month,43,86.1,Fiber optic,3,0.36034167,Medium
0856-NAOES,Month-to-month,6,60.9,DSL,2,0.36025828,Medium
3209-ZPKFI,Month-to-month,47,54.25,DSL,1,0.35996825,Medium
1685-VAYJF,Month-to-month,11,45.2,DSL,0,0.3594311,Medium
3255-GRXMG,Month-to-month,18,45.65,DSL,0,0.3593317,Medium
9142-KZXOP,Month-to-month,44,68.85,Fiber optic,0,0.35906494,Medium
7919-ZODZZ,One year,10,65.9,DSL,3,0.35864756,Medium
0822-QGCXA,Month-to-month,27,83.85,DSL,5,0.35857922,Medium
6323-AYBRX,Two year,59,19.35,No,0,0.3584499,Medium
9396-ZSFLL,Month-to-month,15,48.85,DSL,0,0.35814065,Medium
3766-EJLFL,Two year,68,109.05,Fiber optic,5,0.35803476,Medium
9825-YCXWZ,One year,41,101.1,Fiber optic,4,0.35785976,Medium
6475-VHUIZ,Month-to-month,23,54.25,DSL,2,0.3573824,Medium
6627-CFOSN,Month-to-month,59,99.45,Fiber optic,4,0.35720512,Medium
5334-JLAXU,Month-to-month,60,94.1,Fiber optic,3,0.35700488,Medium
3948-FVVRP,Month-to-month,9,54.8,DSL,2,0.35682356,Medium
3566-VVORZ,Month-to-month,12,45.9,DSL,0,0.35680607,Medium
3640-JQGJG,Month-to-month,13,44.8,DSL,0,0.3565216,Medium
1442-OKRJE,One year,66,103.15,Fiber optic,5,0.35608122,Medium
1099-BTKWT,One year,68,54.4,DSL,4,0.35600346,Medium
6050-IJRHS,One year,70,106.5,Fiber optic,4,0.35590076,Medium
6713-OKOMC,Month-to-month,10,29.75,DSL,1,0.35560244,Medium
1710-RCXUS,One year,51,90.35,Fiber optic,2,0.35558268,Medium
7868-BGSZA,One year,43,80.2,DSL,4,0.35515717,Medium
4456-RHSNB,Month-to-month,19,49.6,DSL,1,0.3551259,Medium
5708-EVONK,Month-to-month,58,93.4,Fiber optic,3,0.35506174,Medium
6341-AEVKX,One year,62,104.3,Fiber optic,5,0.35505185,Medium
7402-PWYJJ,One year,53,91.15,Fiber optic,2,0.3548687,Medium
8930-XOTDP,Month-to-month,18,55.95,DSL,1,0.3548391,Medium
3126-WQMGH,Month-to-month,49,52.15,DSL,0,0.3546104,Medium
3090-QFUVD,Month-to-month,1,20.3,No,0,0.35442978,Medium
2832-SCUCO,Month-to-month,2,19.9,No,0,0.35440335,Medium
5924-IFQTT,Month-to-month,13,72.8,DSL,4,0.35393867,Medium
6481-OGDOO,One year,67,90.6,Fiber optic,3,0.35378048,Medium
8849-GYOKR,One year,54,106.55,Fiber optic,4,0.35377964,Medium
7351-MHQVU,Month-to-month,6,50.95,DSL,4,0.35369292,Medium
9921-EZKBY,Month-to-month,33,95.3,Fiber optic,3,0.35367763,Medium
4701-MLJPN,Month-to-month,31,55.25,DSL,2,0.35361895,Medium
9378-FXTIZ,One year,54,70.15,DSL,2,0.3535706,Medium
4307-KWMXE,Month-to-month,10,35.75,DSL,2,0.3534149,Medium
9079-LWTFD,Month-to-month,47,100.75,Fiber optic,4,0.35321888,Medium
5438-QMDDL,Month-to-month,19,59.8,DSL,2,0.35299814,Medium
9873-MNDKV,Month-to-month,11,44.65,DSL,0,0.3525763,Medium
4140-WJAWW,Month-to-month,5,19.85,No,0,0.35252473,Medium
3144-KMTWZ,Month-to-month,71,93.25,Fiber optic,3,0.3524975,Medium
3099-OONVS,Month-to-month,25,54.3,DSL,2,0.3523519,Medium
5630-AHZIL,Month-to-month,3,64.5,DSL,3,0.35215756,Medium
5020-ZSTTY,One year,54,82.45,DSL,5,0.3520697,Medium
9986-BONCE,Month-to-month,4,20.95,No,0,0.3520155,Medium
2446-ZKVAF,Month-to-month,18,56.8,DSL,1,0.35198423,Medium
4138-NAXED,Month-to-month,51,81.0,Fiber optic,1,0.35179162,Medium
1153-GNOLC,One year,33,39.1,DSL,2,0.35165927,Medium
3442-ZHHCC,One year,68,76.9,DSL,4,0.35150424,Medium
2332-EFBJY,Month-to-month,16,19.7,No,0,0.35150278,Medium
8904-OPDCK,Month-to-month,54,24.95,DSL,0,0.35071585,Medium
7661-CPURM,One year,19,87.7,Fiber optic,2,0.3501118,Medium
9169-BSVIN,Month-to-month,12,74.75,DSL,3,0.35007906,Medium
